Map,Visitor/Neutral,PTS,Home/Neutral,PTS
cache,x6tence,4,overGame,16
mirage,overGame,8,x6tence,16
inferno,Titan,16,HellRaisers,7
inferno,FlipSid3,12,SK,16
train,SK,16,FlipSid3,13
mirage,FlipSid3,16,SK,7
mirage,G2,16,PENTA,11
cache,G2,16,PENTA,10
dust2,E-frag.net,13,Virtus.pro,16
mirage,Vexed,16,RCTIC,11
train,Vexed,16,RCTIC,7
overpass,RCTIC,19,Vexed,16
cache,Insidious,16,Expendables,8
cobblestone,Insidious,16,Expendables,10
mirage,Luminosity,16,Method,5
cache,Method,16,Luminosity,14
inferno,Method,8,Luminosity,16
overpass,CLG,13,Conquest,16
mirage,Conquest,16,CLG,3
cache,Enemy,22,3sUP,18
dust2,Luminosity,16,Winterfox,5
cache,Liquid,16,Cloud9,12
dust2,Conquest,12,CLG,16
cache,Liquid,16,compLexity,9
cache,burniNg,6,eXtasis,16
cobblestone,eXtasis,16,burniNg,3
cache,FolloweSports.com,8,Cloud9,16
cache,Liquid,16,Conquest,8
overpass,Luminosity,16,Winterfox,9
overpass,compLexity,11,Cloud9,16
cobblestone,ACE,16,3sUP,8
train,3sUP,5,ACE,16
dust2,ACE,7,3sUP,16
overpass,fnatic,9,mousesports,16
cache,Reason,16,ESC,14
mirage,"Natus Vincere",16,PENTA,8
overpass,PENTA,8,"Natus Vincere",16
mirage,KIYF,16,Infinity,5
dust2,Infinity,16,KIYF,12
cobblestone,KIYF,16,Infinity,14
overpass,HellRaisers,6,Titan,16
dust2,HellRaisers,11,Titan,16
cache,"LDLC White",8,"London C",16
inferno,"LDLC White",12,"London C",16
dust2,"LDLC White",16,"London C",14
inferno,mousesports,16,Virtus.pro,2
overpass,PENTA,13,mousesports,16
train,Virtus.pro,16,Titan,13
cache,E-frag.net,7,KILLERFISH,16
train,KILLERFISH,16,E-frag.net,11
mirage,Reason,11,Vexed,16
cobblestone,Reason,6,Vexed,16
cobblestone,overGame,16,Play2Win,11
cache,overGame,16,Play2Win,3
dust2,PENTA,9,Titan,16
mirage,NiP,8,mousesports,16
overpass,FlipSid3,28,SK,24
mirage,SK,16,FlipSid3,13
train,FlipSid3,16,SK,13
overpass,PiTER,7,CSGO.one,16
mirage,PiTER,16,CSGO.one,9
cobblestone,CSGO.one,16,PiTER,10
dust2,HellRaisers,16,GreyFace,2
overpass,GreyFace,12,HellRaisers,16
train,G2,16,Virtus.pro,14
inferno,G2,16,Virtus.pro,4
cache,ESC,5,RCTIC,16
train,ESC,5,RCTIC,16
cobblestone,CLG,10,Luminosity,16
mirage,Liquid,16,Enemy,13
inferno,3sUP,12,Method,16
cache,Method,19,3sUP,17
dust2,Cloud9,16,Conquest,6
cobblestone,Luminosity,16,FolloweSports.com,12
cobblestone,Liquid,16,3sUP,14
train,FolloweSports.com,11,Luminosity,16
cobblestone,CLG,13,3sUP,16
cache,Cloud9,16,compLexity,12
mirage,"London C",16,Infused,11
train,Infused,7,"London C",16
dust2,SK,11,EnVyUs,16
mirage,Enso,14,eSuba,16
dust2,Enso,10,eSuba,16
mirage,SK,16,NiP,12
cache,eSuba,16,neXtPlease!,14
dust2,"LDLC White",16,GRS.GP,7
inferno,"LDLC White",16,GRS.GP,3
cobblestone,HellRaisers,9,EnVyUs,16
mirage,PENTA,16,Planetkey,10
dust2,PENTA,12,Planetkey,16
mirage,Enso,16,neXtPlease!,10
overpass,Enso,9,neXtPlease!,16
dust2,Enso,16,neXtPlease!,9
train,CLG,16,Enemy,3
overpass,Enemy,10,CLG,16
mirage,nerdRage,12,eSuba,16
mirage,PiTER,19,ESC,17
cache,PiTER,19,ESC,15
train,Epsilon,19,Orgless,17
overpass,Orgless,16,Epsilon,12
inferno,Orgless,16,Epsilon,3
mirage,nerdRage,12,Enso,16
dust2,nerdRage,7,Enso,16
cobblestone,"LDLC White",16,"LDLC Blue",8
dust2,"LDLC Blue",10,"LDLC White",16
overpass,"LDLC White",13,"LDLC Blue",16
inferno,"LDLC Blue",25,"LDLC White",28
mirage,"LDLC White",16,"LDLC Blue",19
dust2,E-frag.net,10,HellRaisers,16
overpass,E-frag.net,10,HellRaisers,16
cache,EnVyUs,16,CSGL,11
cobblestone,CSGL,12,EnVyUs,16
dust2,neXtPlease!,16,eSuba,7
cache,eSuba,11,neXtPlease!,16
inferno,neXtPlease!,10,eSuba,16
cobblestone,mousesports,4,Virtus.pro,16
mirage,Virtus.pro,16,mousesports,8
inferno,mousesports,8,Virtus.pro,16
dust2,Enso,22,CAZ,25
mirage,CAZ,16,Enso,14
cobblestone,"Epiphany Bolt",16,RCTIC,4
mirage,"LC Staff",16,"99damage.de Staff",3
cobblestone,"LC Staff",16,"99damage.de Staff",13
cache,"LC Staff",14,"99damage.de Staff",16
cache,mousesports,16,Conquest,11
overpass,Conquest,16,mousesports,8
inferno,mousesports,16,Conquest,11
inferno,Revival,16,"Vega Squadron",14
dust2,"Vega Squadron",8,Revival,16
mirage,Revival,8,"Vega Squadron",16
dust2,"Fnatic Staff",4,"E-frag.net Staff",16
cache,"E-frag.net Staff",16,"Fnatic Staff",3
cobblestone,Virtus.pro,16,Titan,13
train,Titan,10,Virtus.pro,16
mirage,CAZ,16,Revival,8
inferno,CAZ,16,Revival,12
mirage,"SLTV Staff",8,NoobTubers,16
cobblestone,"SLTV Staff",16,NoobTubers,19
cache,NoobTubers,8,"SLTV Staff",16
train,ESC,16,nerdRage,0
dust2,nerdRage,16,ESC,13
mirage,ESC,16,nerdRage,8
dust2,TheMongolz,16,nxl,3
dust2,"Fragbite.se Staff",13,"myXMG Staff",16
cache,"Fragbite.se Staff",11,"myXMG Staff",16
cache,TheMongolz,16,Insidious,2
dust2,Puzzle,6,Secret,16
mirage,Puzzle,7,Secret,16
inferno,Secret,4,Puzzle,16
cache,Secret,11,Puzzle,16
cache,dignitas,13,Conquest,16
train,Conquest,19,dignitas,22
cobblestone,dignitas,9,Conquest,16
inferno,Luminosity,14,Titan,16
cobblestone,Luminosity,16,Titan,11
cache,Titan,16,Luminosity,11
mirage,Virtus.pro,16,dignitas,11
inferno,Virtus.pro,16,dignitas,13
train,dignitas,19,Virtus.pro,17
cobblestone,Liquid,18,Conquest,22
train,Liquid,11,Conquest,16
cache,"Fragbite.se Staff",16,"G2A.com Staff",7
dust2,"Fragbite.se Staff",16,"G2A.com Staff",11
overpass,"Virtus.pro Staff",8,"LC Staff",16
cache,"Virtus.pro Staff",5,"LC Staff",16
inferno,"Vega Squadron",4,Enso,16
overpass,Enso,12,"Vega Squadron",16
dust2,Enso,16,"Vega Squadron",11
mirage,Luminosity,7,mousesports,16
dust2,Luminosity,12,mousesports,16
cobblestone,Titan,16,"Natus Vincere",12
dust2,"Natus Vincere",16,Titan,7
train,Titan,16,"Natus Vincere",13
cache,"Fnatic Staff",16,"EGB.com Staff",4
inferno,"Fnatic Staff",16,"EGB.com Staff",7
dust2,"EGB.com Staff",16,"Fnatic Staff",14
inferno,"StormStudio Staff",8,"E-frag.net Staff",16
cache,"E-frag.net Staff",16,"StormStudio Staff",6
inferno,nEophyte,16,eSuba,9
cache,eSuba,11,nEophyte,16
mirage,eSuba,16,nEophyte,4
cache,"Gamers.com.mt Staff",1,NoobTubers,16
cobblestone,NoobTubers,16,"Gamers.com.mt Staff",2
cache,"FACEIT Staff",4,"SLTV Staff",16
mirage,"SLTV Staff",16,"FACEIT Staff",3
mirage,TyLoo,16,nxl,6
inferno,"99damage.de Staff",16,"PGL Staff",5
cache,"99damage.de Staff",16,"PGL Staff",2
mirage,TheMongolz,8,nxl,16
cache,"Cybersport.pl Staff",10,"myXMG Staff",16
inferno,"myXMG Staff",19,"Cybersport.pl Staff",16
cache,Insidious,14,TyLoo,16
inferno,Virtus.pro,22,Conquest,19
train,Virtus.pro,16,Conquest,7
cobblestone,Liquid,13,dignitas,16
train,dignitas,16,Liquid,8
overpass,"Natus Vincere",7,mousesports,16
mirage,"Natus Vincere",10,mousesports,16
cobblestone,Titan,10,Luminosity,16
cache,Luminosity,16,Titan,6
cobblestone,Reason,16,uX,14
inferno,Reason,16,uX,6
cache,"KoN Denmark",16,"KoN Finland",12
mirage,Revival,19,neXtPlease!,16
cobblestone,neXtPlease!,16,Revival,19
dust2,"KoN Denmark",16,"KoN Sweden",9
cache,"No Problem!",13,Reason,16
mirage,Reason,16,"No Problem!",5
inferno,"No Problem!",16,Reason,14
cache,"KoN Denmark",16,"KoN Norway",5
cache,"Vega Squadron",16,USSR,12
mirage,"Vega Squadron",16,USSR,12
mirage,OnlineBOTS,4,uX,16
overpass,uX,16,OnlineBOTS,9
inferno,nxl,4,Puzzle,16
mirage,Puzzle,19,nxl,17
train,compLexity,16,CLG,3
dust2,CLG,16,SKDC,11
inferno,"Games Academy",19,Denial,17
dust2,"Games Academy",16,Denial,7
cache,Denial,16,"Games Academy",11
cache,CLG,16,Cloud9,12
overpass,SKDC,16,Method,13
cache,Enemy,16,Cloud9,12
inferno,compLexity,16,FolloweSports.com,4
train,FolloweSports.com,16,compLexity,19
dust2,compLexity,3,FolloweSports.com,16
mirage,Publiclir.se,8,Epsilon,16
train,Publiclir.se,10,Epsilon,16
dust2,OnlineBOTS,16,Refuse,12
mirage,KILLERFISH,16,Reason,11
cache,Reason,3,KILLERFISH,16
train,KILLERFISH,8,Reason,16
cache,"No Problem!",19,Refuse,17
mirage,CSGL,10,SK,16
train,SK,14,CSGL,16
cobblestone,Vexed,20,volgare,22
cache,Vexed,16,volgare,13
cache,Lions,8,Epsilon,16
overpass,"Space Soldiers",8,OnlineBOTS,16
mirage,EnVyUs,16,PENTA,13
mirage,"No Problem!",16,"Space Soldiers",5
overpass,Vexed,16,CSGL,2
train,Vexed,16,CSGL,11
cache,E-frag.net,22,G2,19
inferno,G2,13,E-frag.net,16
dust2,G2,16,E-frag.net,13
cache,Epsilon,5,Publiclir.se,16
mirage,Epsilon,8,Publiclir.se,16
cache,Refuse,19,OnlineBOTS,15
overpass,Puzzle,16,MVP.karnal,2
cobblestone,Puzzle,11,MVP.karnal,16
cache,MVP.karnal,14,Puzzle,16
cache,Secret,16,nxl,11
inferno,Secret,16,nxl,14
mirage,Liquid,11,Winterfox,16
cache,Luminosity,16,CLG,4
inferno,Luminosity,16,3sUP,4
overpass,Liquid,16,Winterfox,6
dust2,CLG,16,Enemy,6
cache,compLexity,19,Noble,16
cobblestone,compLexity,16,Noble,12
overpass,Winterfox,12,Cloud9,16
cobblestone,Liquid,16,Luminosity,6
mirage,Enemy,6,Conquest,16
inferno,FolloweSports.com,16,compLexity,21
cache,NiP,16,PENTA,7
train,BX3,7,Lions,16
inferno,Reason,16,"Epiphany Bolt",6
cache,G2,16,"LDLC White",7
inferno,G2,12,"LDLC White",16
dust2,"LDLC White",12,G2,16
overpass,NiP,12,HellRaisers,16
cobblestone,uX,16,"Epiphany Bolt",9
inferno,EnVyUs,16,HellRaisers,7
overpass,Lions,7,Epsilon,16
train,Lions,12,Epsilon,16
mirage,EZskins.com,13,E-frag.net,16
dust2,E-frag.net,16,EZskins.com,4
cache,Reason,16,ESC,9
overpass,PiTER,10,Vexed,16
dust2,Vexed,11,PiTER,16
cobblestone,Vexed,16,PiTER,12
mirage,Reason,13,uX,16
mirage,DenDD,16,CSGL,8
cache,DenDD,6,CSGL,16
cache,TwistoFate,10,J2G,16
cache,Publiclir.se,16,BX3,9
inferno,BX3,13,Publiclir.se,16
mirage,"Epiphany Bolt",16,ESC,5
cobblestone,inchk1ng,6,MVP.karnal,16
dust2,MiTH,6,MVP.karnal,16
dust2,MVP.karnal,16,Expendables,3
train,Secret,16,Puzzle,14
cache,Secret,9,Puzzle,16
inferno,Secret,16,Puzzle,9
inferno,nxl,16,MVP.karnal,5
dust2,nxl,16,MVP.karnal,4
cobblestone,compLexity,16,Winterfox,12
cache,Winterfox,12,compLexity,16
inferno,CLG,16,Liquid,12
mirage,Winterfox,2,compLexity,16
train,Conquest,16,SKDC,3
train,3sUP,16,Cloud9,12
inferno,Cloud9,11,compLexity,16
cobblestone,Enemy,25,Winterfox,22
mirage,Liquid,14,FolloweSports.com,16
dust2,AliGon,21,Arcade,19
dust2,PENTA,8,mousesports,16
cobblestone,EnVyUs,9,NiP,16
dust2,MaxAndRelax,2,Arcade,16
train,dignitas,4,NiP,16
overpass,TSM,16,SK,11
overpass,Lions,14,DenDD,16
cache,DenDD,16,Lions,11
overpass,GreyFace,16,mousesports,10
cache,GreyFace,16,mousesports,11
cache,TSM,16,HellRaisers,14
inferno,HellRaisers,11,TSM,16
cache,AliGon,16,Arcade,6
dust2,AliGon,16,Arcade,14
mirage,AliGon,18,Arcade,21
train,Orgless,16,Virtus.pro,9
cobblestone,Orgless,16,Virtus.pro,13
cache,MaxAndRelax,16,Reason,10
inferno,Secret,16,nxl,3
train,Insidious,16,Puzzle,7
cache,Enemy,12,"Games Academy",16
inferno,Enemy,9,"Games Academy",16
mirage,Reason,5,AliGon,16
cache,AliGon,8,Reason,16
train,AliGon,16,Reason,1
dust2,MaxAndRelax,21,Arcade,26
mirage,Arcade,21,MaxAndRelax,18
mirage,PiTER,16,stfuNerd,7
cobblestone,stfuNerd,4,PiTER,16
cobblestone,"Natus Vincere",5,EnVyUs,16
train,EnVyUs,16,"Natus Vincere",14
overpass,Refuse,5,"Vega Squadron",16
cache,Refuse,13,"Vega Squadron",16
mirage,Refuse,16,"Vega Squadron",8
dust2,"Natus Vincere",16,NiP,6
train,NiP,3,"Natus Vincere",16
inferno,Publiclir.se,6,MIXCAT,16
cobblestone,MIXCAT,11,Publiclir.se,16
mirage,Publiclir.se,13,MIXCAT,16
cache,Publiclir.se,8,MIXCAT,16
cache,EnVyUs,16,G2,7
inferno,G2,21,EnVyUs,25
dust2,EnVyUs,10,G2,16
cache,volgare,8,uX,16
inferno,volgare,14,uX,16
overpass,Luminosity,13,"Natus Vincere",16
dust2,"Natus Vincere",16,Luminosity,14
cache,Enervate.A,5,ESC,16
dust2,Enervate.A,13,ESC,16
dust2,TSM,8,NiP,16
train,NiP,16,TSM,10
mirage,MIXCAT,16,Torpedo,11
cache,Torpedo,10,MIXCAT,16
train,G2,19,Virtus.pro,17
cache,Virtus.pro,10,G2,16
mirage,Publiclir.se,16,RCTIC,13
cobblestone,Publiclir.se,16,RCTIC,9
cache,fnatic,2,EnVyUs,16
cobblestone,EnVyUs,16,fnatic,9
mirage,EnVyUs,9,fnatic,16
mirage,BX3,8,MIXCAT,16
dust2,BX3,3,MIXCAT,16
train,m0nster,16,MiTH,8
cache,m0nster,16,Expendables,5
dust2,"KoN Sweden",8,"KoN Finland",16
inferno,"KoN Sweden",16,"KoN Denmark",11
inferno,"Natus Vincere",16,CLG,8
cobblestone,CLG,16,"Natus Vincere",10
train,"Natus Vincere",16,CLG,9
mirage,MaxAndRelax,16,"European Misfits",3
cache,"European Misfits",16,MaxAndRelax,12
dust2,"European Misfits",11,MaxAndRelax,16
inferno,"KoN Norway",10,"KoN Sweden",16
dust2,NiP,16,Titan,1
cache,Titan,14,NiP,16
mirage,PiTER,3,ttc,16
cache,PiTER,14,ttc,16
cobblestone,ajuri,3,Torpedo,16
cache,ajuri,8,Torpedo,16
dust2,ESC,10,Enervate,16
cache,Enervate,16,ESC,4
mirage,Enervate,8,ESC,16
overpass,Publiclir.se,16,HS.GG,12
cobblestone,HS.GG,16,Publiclir.se,7
mirage,Publiclir.se,16,HS.GG,6
cache,G2,16,mousesports,5
inferno,mousesports,16,G2,12
mirage,G2,19,mousesports,16
mirage,SkitLite,12,RCTIC,16
train,RCTIC,16,SkitLite,7
overpass,Cloud9,12,fnatic,16
dust2,Cloud9,6,fnatic,16
cobblestone,compLexity,13,Conquest,16
inferno,compLexity,13,Conquest,16
mirage,"Natus Vincere",9,EnVyUs,16
train,Virtus.pro,16,Titan,7
cache,Arcade,14,ESC,16
mirage,Arcade,16,ESC,9
mirage,SK,16,KILLERFISH,4
train,SK,9,KILLERFISH,16
dust2,TSM,16,G2,6
cobblestone,"Space Soldiers",13,Arcade,16
inferno,Luminosity,16,fnatic,13
dust2,ESC,16,"Space Soldiers",13
cache,"Space Soldiers",10,ESC,16
cobblestone,dignitas,14,CLG,16
mirage,Liquid,11,NiP,16
mirage,Enervate,16,"Project Skyline",8
dust2,Enervate,16,"Project Skyline",4
overpass,FlipSid3,8,mousesports,16
cobblestone,Vexed,13,Cloud9,16
inferno,FolloweSports.com,16,Coastless,3
mirage,Coastless,13,FolloweSports.com,16
mirage,Arcade,16,stfuNerd,11
cobblestone,"Natus Vincere",16,CLG,12
cache,DenDD,16,Orgless,4
cobblestone,Orgless,16,DenDD,7
mirage,Orgless,10,DenDD,16
cache,ESC,16,Arcade,10
mirage,Arcade,4,ESC,16
overpass,Arcade,16,ESC,14
cobblestone,EnVyUs,16,dignitas,6
cobblestone,Titan,16,NiP,13
train,stfuNerd,5,"Space Soldiers",16
cache,"Space Soldiers",16,stfuNerd,3
cobblestone,Virtus.pro,19,Liquid,15
inferno,mousesports,8,G2,16
cache,FlipSid3,6,TSM,16
dust2,Luminosity,16,Cloud9,11
cobblestone,Vexed,10,fnatic,16
train,Coastless,9,Conquest,16
overpass,Coastless,7,Conquest,16
overpass,compLexity,16,SKDC,4
cobblestone,SKDC,9,compLexity,16
train,compLexity,8,SKDC,16
cache,Epsilon,16,"Vega Squadron",13
cache,ggrabb,19,"uber noobz",17
mirage,WildSource,12,"Vega Squadron",16
overpass,HellRaisers,12,CSGL,16
cache,HellRaisers,16,CSGL,9
mirage,Enso,16,DSS,14
dust2,Enso,16,DSS,11
train,WildSource,7,Epsilon,16
cache,Epsilon,16,WildSource,11
mirage,Epsilon,13,WildSource,16
mirage,PiTER,14,"Vega Squadron",16
overpass,FolloweSports.com,5,Conquest,16
train,Conquest,16,FolloweSports.com,13
dust2,"Vega Squadron",4,WildSource,16
mirage,"Vega Squadron",10,WildSource,16
overpass,Epsilon,16,PiTER,14
cache,PiTER,9,Epsilon,16
mirage,PiTER,16,Epsilon,11
overpass,EnVyUs,16,mousesports,14
inferno,fnatic,16,PENTA,14
cache,Arcade,16,ACG,10
cache,BX3,14,Aftermatch,16
inferno,TSM,16,"LDLC White",14
overpass,"LDLC White",5,TSM,16
mirage,mousesports,19,"Natus Vincere",17
mirage,Enso,2,ACG,16
dust2,Enso,14,ACG,16
train,HellRaisers,8,"Natus Vincere",16
overpass,GreyFace,10,Titan,16
train,Titan,10,GreyFace,16
dust2,Titan,16,GreyFace,13
dust2,PENTA,16,HellRaisers,8
mirage,AlienTech,16,"Keyd Stars",12
train,AlienTech,26,"Keyd Stars",28
inferno,AlienTech,19,"Keyd Stars",16
cache,Titan,5,HellRaisers,16
cache,"Epiphany Bolt",3,Enervate,16
mirage,Enervate,22,"Epiphany Bolt",20
inferno,TES,16,"Easy Fix",11
cache,TES,14,"Easy Fix",16
dust2,"Easy Fix",14,TES,16
cobblestone,Arcade,16,ACG,11
cache,ACG,16,Arcade,10
mirage,ACG,17,Arcade,19
mirage,Enso,7,PiTER,16
overpass,Enso,10,PiTER,16
cobblestone,ExAequo,16,NextGaming,10
dust2,ExAequo,16,NextGaming,11
mirage,ACG,4,Enervate,16
cache,Enervate,16,ACG,4
mirage,"Keyd Stars",16,BulletsRage.Pro,14
overpass,BulletsRage.Pro,14,"Keyd Stars",16
inferno,BulletsRage.Pro,22,"Keyd Stars",19
overpass,Infused,14,UESmash,16
mirage,Infused,12,UESmash,16
cache,Infused,7,UESmash,16
cobblestone,Infused,16,UESmash,7
cobblestone,Gosu,9,SoF,16
train,CLG,11,Liquid,16
inferno,Gosu,16,"Leader-1 Red",13
dust2,Coastless,10,Liquid,16
mirage,Cloud9,11,CLG,16
dust2,Gosu,8,SoF,16
cache,Gosu,8,SoF,16
inferno,"Leader-1 Red",16,Quintic,8
overpass,Enemy,16,Cloud9,10
cache,Coastless,17,Luminosity,19
dust2,Enemy,11,Luminosity,16
mirage,GUS-Gaming,13,Enso,16
inferno,TSM,16,EnVyUs,9
overpass,TSM,16,Virtus.pro,3
mirage,AlienTech,25,"Keyd Stars",22
inferno,"Keyd Stars",15,AlienTech,19
train,AlienTech,12,"Keyd Stars",16
cobblestone,Virtus.pro,16,SK,13
dust2,"European Misfits",16,Reaction,14
cache,"European Misfits",16,Reaction,5
mirage,SK,13,"Natus Vincere",16
train,ACG,16,Enso,14
mirage,Enso,14,ACG,16
dust2,Enso,16,ACG,8
inferno,BulletsRage.Pro,16,k1ck,11
dust2,NiP,17,Titan,19
mirage,SK,16,HellRaisers,6
dust2,XENEX,3,UESmash,16
cache,XENEX,11,UESmash,16
cache,Arcade,16,GUS-Gaming,12
mirage,GUS-Gaming,7,Arcade,16
mirage,AlienTech,16,BulletsRage.Pro,7
inferno,AlienTech,16,BulletsRage.Pro,3
mirage,Infused,16,Choke,9
inferno,Infused,16,Choke,1
dust2,Choke,16,Infused,10
mirage,"Keyd Stars",16,k1ck,5
cobblestone,k1ck,7,"Keyd Stars",16
mirage,Gosu,16,Quintic,6
cache,Quintic,6,Gosu,16
mirage,"Leader-1 Red",3,SoF,16
overpass,SoF,7,"Leader-1 Red",16
cache,"Leader-1 Red",3,SoF,16
cache,"KoN Finland",16,"KoN Denmark",2
train,FlipSid3,16,CSGL,11
mirage,FlipSid3,14,CSGL,16
cache,FlipSid3,16,CSGL,6
cache,"KoN Norway",9,"KoN Denmark",16
cache,"LDLC White",16,DenDD,9
cobblestone,"LDLC White",12,DenDD,16
mirage,ttc,5,"Vega Squadron",16
dust2,ttc,7,"Vega Squadron",16
cache,"KoN Sweden",13,"KoN Denmark",16
cobblestone,PiTER,16,"Epiphany Bolt",11
train,PiTER,16,"Epiphany Bolt",11
inferno,Winterfox,16,Enemy,8
inferno,Method,16,Winterfox,13
cache,CLG,6,compLexity,16
cobblestone,CLG,11,compLexity,16
train,compLexity,11,CLG,16
dust2,Method,16,Luminosity,5
mirage,Luminosity,16,FolloweSports.com,10
overpass,Enemy,2,Liquid,16
inferno,Enemy,7,Liquid,16
cache,Titan,16,SK,14
inferno,"LDLC White",13,HellRaisers,16
cobblestone,HellRaisers,16,"LDLC White",11
dust2,uX,16,Caseking,9
cache,Caseking,8,uX,16
cache,"Epiphany Bolt",16,PiTER,14
mirage,TSM,20,fnatic,22
train,SK,16,PENTA,6
overpass,DenDD,12,Virtus.pro,16
mirage,Virtus.pro,16,DenDD,7
cache,"No Problem!",6,KILLERFISH,16
cobblestone,"No Problem!",13,KILLERFISH,16
overpass,NiP,11,"Natus Vincere",16
mirage,PiTER,16,stfuNerd,6
train,PENTA,10,Virtus.pro,16
inferno,NiP,6,"Natus Vincere",16
dust2,TSM,16,GreyFace,11
overpass,GreyFace,6,TSM,16
inferno,Vexed,11,E-frag.net,16
overpass,E-frag.net,16,Vexed,13
dust2,uX,16,private,3
inferno,private,2,uX,16
cobblestone,"Epiphany Bolt",16,stfuNerd,13
dust2,"Epiphany Bolt",16,stfuNerd,9
overpass,Conquest,16,Cloud9,6
mirage,ex-eLevate,16,Winterfox,13
cobblestone,Cloud9,16,3sUP,6
mirage,Winterfox,19,3sUP,16
cobblestone,compLexity,16,ex-eLevate,9
overpass,Winterfox,16,Luminosity,7
cobblestone,Liquid,16,Cloud9,12
mirage,PiTER,16,ESC,10
cobblestone,fnatic,16,HellRaisers,13
cobblestone,fnatic,16,PENTA,7
cache,NiP,16,G2,10
overpass,E-frag.net,16,Vexed,13
inferno,Vexed,5,E-frag.net,16
cache,Reaction,1,Publiclir.se,16
inferno,PENTA,3,Titan,16
overpass,TSM,5,Virtus.pro,16
mirage,dignitas,19,FlipSid3,17
inferno,dignitas,16,FlipSid3,7
dust2,stfuNerd,16,ESC,10
cache,stfuNerd,13,ESC,16
mirage,stfuNerd,19,ESC,16
train,fnatic,6,EnVyUs,16
cobblestone,NiP,16,mousesports,8
dust2,Titan,11,G2,16
overpass,Torpedo,14,ttc,16
dust2,Torpedo,16,ttc,13
train,ttc,16,Torpedo,12
cache,E-frag.net,16,Orgless,8
inferno,E-frag.net,16,Orgless,10
mirage,"Epiphany Bolt",16,PiTER,5
train,PiTER,9,"Epiphany Bolt",16
cobblestone,PiTER,22,"Epiphany Bolt",19
train,Coastless,16,Winterfox,7
dust2,ex-eLevate,16,FolloweSports.com,5
train,ex-eLevate,16,FolloweSports.com,8
cobblestone,ex-eLevate,7,FolloweSports.com,16
overpass,Enemy,9,Conquest,16
inferno,Cloud9,6,Liquid,16
cobblestone,FolloweSports.com,8,Cloud9,16
cobblestone,Liquid,21,ex-eLevate,17
inferno,fnatic,16,G2,12
dust2,uPGaming.hellfive,8,"Keyd Stars",16
train,Vexed,9,Planetkey,16
dust2,Vexed,8,Planetkey,16
mirage,"No Problem!",20,"London C",26
cache,HellRaisers,10,G2,16
dust2,Titan,16,EnVyUs,12
train,FTW,10,BulletsRage.Pro,16
mirage,PENTA,16,Infused,13
dust2,PENTA,16,Infused,12
inferno,private,16,Vination,5
train,private,16,Vination,13
mirage,stfuNerd,17,"No Problem!",21
train,"Natus Vincere",16,Titan,13
mirage,fnatic,16,HellRaisers,8
mirage,TSM,13,EnVyUs,16
train,KILLERFISH,18,CSGL,21
cobblestone,KILLERFISH,16,CSGL,7
cache,Reason,16,"Epiphany Bolt",12
inferno,Reason,12,"Epiphany Bolt",16
cobblestone,"Epiphany Bolt",7,Reason,16
overpass,HellRaisers,11,Virtus.pro,16
cobblestone,TSM,16,PENTA,1
dust2,EnVyUs,14,NiP,16
mirage,Virtus.pro,11,TSM,16
mirage,dignitas,16,PENTA,11
train,Titan,16,fnatic,10
overpass,"London C",16,"No Problem!",13
mirage,"No Problem!",2,"London C",16
cache,"London C",10,"No Problem!",16
dust2,Seelachs,15,uX,19
mirage,Seelachs,16,uX,14
cache,Seelachs,7,uX,16
train,Enervate,12,HD4R,16
dust2,Enervate,9,HD4R,16
cache,HD4R,3,Enervate,16
cache,Cloud9,16,Winterfox,11
mirage,CLG,16,FolloweSports.com,14
inferno,k1ck,16,BulletsRage.Pro,12
inferno,"FTW.Aca Prinfor",9,"Keyd Stars",16
cache,dignitas,16,SK,8
inferno,nerdRage,12,stfuNerd,16
inferno,TSM,16,Titan,5
dust2,Titan,12,TSM,16
mirage,Platinium,8,"LDLC Blue",16
dust2,Platinium,16,"LDLC Blue",11
inferno,"LDLC Blue",16,Platinium,6
cache,Virtus.pro,16,fnatic,19
overpass,Vexed,5,"Natus Vincere",16
train,"Natus Vincere",16,Vexed,2
inferno,"London C",16,nerdRage,3
cache,"London C",16,nerdRage,7
mirage,dignitas,16,HellRaisers,9
dust2,"LDLC White",16,Pulse,4
cache,"LDLC White",16,Pulse,4
cache,Reason,17,CSGL,21
cobblestone,CSGL,16,Reason,8
overpass,dignitas,5,"Natus Vincere",16
dust2,SK,4,HellRaisers,16
mirage,stfuNerd,12,"No Problem!",16
cobblestone,"No Problem!",16,stfuNerd,7
cache,PiTER,9,fnatic,16
mirage,PiTER,7,fnatic,16
mirage,Pries,18,ACG,22
cache,Pries,2,ACG,16
inferno,Torqued,16,Enemy,13
overpass,Torqued,16,Enemy,8
mirage,3sUP,16,Method,13
cobblestone,Winterfox,14,Conquest,16
train,Tectonic,5,Enemy,16
overpass,Method,3,Conquest,16
mirage,"Roca's compLexity",8,Tectonic,16
dust2,3sUP,1,FolloweSports.com,16
cache,Tectonic,16,"Suck Brick Kids",6
mirage,Winterfox,16,compLexity,12
mirage,SetToDestroyX,13,"Suck Brick Kids",16
mirage,WinOut.net,7,"Roca's compLexity",16
dust2,compLexity,13,FolloweSports.com,16
inferno,Enemy,7,Torqued,16
cache,Enemy,16,Torqued,13
cobblestone,Enemy,2,Torqued,16
cache,"Reap What You Sow",13,"Roca's compLexity",16
mirage,TSM,16,dignitas,6
cobblestone,FlipSid3,16,CSGL,10
overpass,CSGL,11,FlipSid3,16
inferno,Tectonic,7,Enemy,16
cache,Enemy,16,Tectonic,13
cache,WinOut.net,13,Torqued,16
mirage,WinOut.net,4,Torqued,16
cobblestone,SetToDestroyX,16,Forbidden,12
train,fnatic,19,Virtus.pro,17
dust2,PENTA,7,KILLERFISH,16
cobblestone,KILLERFISH,16,PENTA,6
inferno,G2,16,Orgless,3
train,G2,16,Orgless,9
cobblestone,"CLG Red",8,"Suck Brick Kids",16
dust2,"Reap What You Sow",16,Dynasty,10
cache,Reason,16,SK,7
cobblestone,SK,17,Reason,19
cache,TSM,19,"Natus Vincere",16
cache,PENTA,16,Virtus.pro,8
inferno,"Project Skyline",17,DSS,19
mirage,"Project Skyline",5,DSS,16
cache,Eanix,5,"Roca's compLexity",16
cobblestone,"CLG Red",3,Torqued,16
dust2,Torqued,16,"CLG Red",9
cobblestone,EnVyUs,16,dignitas,3
inferno,EnVyUs,16,dignitas,4
overpass,Reason,13,FlipSid3,16
cobblestone,FlipSid3,16,Reason,13
inferno,NiP,12,Virtus.pro,16
overpass,SetToDestroyX,13,WinOut.net,16
cobblestone,SetToDestroyX,25,WinOut.net,22
mirage,WinOut.net,16,SetToDestroyX,3
cache,CSGL,6,E-frag.net,16
mirage,CSGL,16,E-frag.net,13
cache,HellRaisers,16,TSM,8
mirage,HellRaisers,6,TSM,16
dust2,EnVyUs,16,Virtus.pro,5
cache,"The Mooninites",20,"Suck Brick Kids",22
overpass,PENTA,3,HellRaisers,16
mirage,"Roca's compLexity",10,Tectonic,16
cobblestone,"Roca's compLexity",16,Tectonic,14
cache,Tectonic,16,"Roca's compLexity",6
train,Enemy,16,Dynasty,10
cache,Enemy,16,Dynasty,2
cache,"Pugs not Drugs",7,"Reap What You Sow",16
dust2,Enervate,16,"Project Skyline",3
mirage,Enervate,16,"Project Skyline",2
cache,Immunity,9,Renegades,16
cache,"Animal Squad",21,fSociety,18
cobblestone,Chiefs,3,Exile5,16
cache,compLexity,25,FolloweSports.com,21
train,Winterfox,12,compLexity,16
train,Eanix,9,"CLG Red",16
mirage,"CLG Red",16,Eanix,14
mirage,"Pugs not Drugs",7,WinOut.net,16
train,WinOut.net,16,"Pugs not Drugs",10
dust2,"Reap What You Sow",9,SetToDestroyX,16
cobblestone,SetToDestroyX,16,"Reap What You Sow",3
train,3sUP,16,FolloweSports.com,10
cache,"Roca's compLexity",16,"The Mooninites",9
inferno,"The Mooninites",7,"Roca's compLexity",16
dust2,Method,7,Conquest,16
cobblestone,Dynasty,16,Forbidden,11
train,Forbidden,6,Dynasty,16
mirage,Forbidden,16,Dynasty,6
cobblestone,"Suck Brick Kids",6,Tectonic,16
overpass,Tectonic,25,"Suck Brick Kids",21
inferno,Conquest,16,Winterfox,13
train,Method,16,3sUP,1
train,NiP,16,PENTA,4
cobblestone,TMVG,8,RCTIC,16
dust2,TMVG,13,RCTIC,16
overpass,PENTA,16,EnVyUs,12
dust2,dignitas,8,NiP,16
cache,dignitas,8,EnVyUs,16
overpass,Recursive,16,JDWI,10
cache,JDWI,16,Recursive,13
mirage,JDWI,1,Recursive,16
cache,inchk1ng,11,TyLoo,16
inferno,PENTA,3,TSM,16
dust2,MVP.karnal,16,Penguin,8
mirage,Planetkey,16,"EYES ON U",14
cache,"EYES ON U",16,Planetkey,11
dust2,"EYES ON U",5,Planetkey,16
overpass,KILLERFISH,16,PENTA,6
mirage,PENTA,16,KILLERFISH,9
dust2,TMVG,16,JDWI,9
inferno,TMVG,16,JDWI,4
overpass,MVP.karnal,2,TyLoo,16
mirage,inchk1ng,16,Penguin,4
overpass,RCTIC,16,Recursive,12
train,RCTIC,16,Recursive,10
overpass,KILLERFISH,16,"EYES ON U",13
mirage,KILLERFISH,28,"EYES ON U",24
cache,PENTA,16,Planetkey,12
dust2,PENTA,16,Planetkey,7
mirage,PENTA,12,Planetkey,16
cache,"Animal Squad",11,Chiefs,16
cache,Exile5,8,Renegades,16
cache,Immunity,16,fSociety,9
cache,"KoN Norway",3,"KoN Finland",16
cache,"KoN Sweden",14,"KoN Norway",16
inferno,"KoN Norway",16,"KoN Denmark",14
mirage,PiTER,16,ACG,10
cobblestone,PiTER,16,ACG,14
cache,TheMongolz,16,TwistoFate,4
overpass,"Epiphany Bolt",6,ESC,16
train,ESC,16,"Epiphany Bolt",7
cache,"Epiphany Bolt",16,ESC,14
mirage,"Natus Vincere",14,Virtus.pro,16
inferno,Virtus.pro,16,"Natus Vincere",14
train,"Natus Vincere",13,Virtus.pro,16
cobblestone,Virtus.pro,9,"Natus Vincere",16
dust2,m0nster,10,J2G,16
inferno,TheMongolz,16,m0nster,3
cache,J2G,12,TwistoFate,16
mirage,Exile5,10,fSociety,16
cobblestone,Renegades,16,Chiefs,5
mirage,Immunity,9,"Animal Squad",16
mirage,Luminosity,16,Method,3
cache,Liquid,16,CLG,11
cobblestone,CLG,13,Liquid,16
overpass,Winterfox,4,CLG,16
cache,Luminosity,21,compLexity,19
overpass,Cloud9,16,Winterfox,3
train,Liquid,16,compLexity,12
overpass,3sUP,16,CLG,13
train,compLexity,4,Cloud9,16
overpass,Luminosity,9,Liquid,16
inferno,uPGaming.hellfive,9,AlienTech,16
train,G2,12,CSGL,16
cache,CSGL,10,G2,16
cobblestone,PENTA,5,Titan,16
dust2,Titan,16,PENTA,3
dust2,3v,10,FTW,16
cache,ExAequo,16,iDomina,5
dust2,ExAequo,16,iDomina,2
cache,TES,12,"Easy Fix",16
mirage,"Easy Fix",13,TES,16
cache,"RIP Fonty",8,"Swag Silicone",16
mirage,"Swag Silicone",21,"RIP Fonty",16
train,dignitas,16,mousesports,13
cache,KILLERFISH,16,"LDLC White",11
cobblestone,"LDLC White",9,KILLERFISH,16
cache,XPC,6,Infused,16
mirage,XPC,5,Infused,16
inferno,NiP,16,TSM,9
cache,NiP,16,TSM,12
dust2,TSM,16,NiP,13
mirage,fnatic,16,dignitas,9
train,CSGL,16,FlipSid3,13
cobblestone,FlipSid3,5,CSGL,16
mirage,PiTER,10,"Natus Vincere",16
cobblestone,"Natus Vincere",16,PiTER,9
train,BX3,10,ESC,16
mirage,ESC,16,BX3,14
inferno,BX3,11,ESC,16
dust2,TSM,16,mousesports,13
cache,E-frag.net,16,Planetkey,4
dust2,E-frag.net,16,Planetkey,6
cobblestone,Titan,13,TSM,16
cache,HD4R,16,DSS,10
dust2,DSS,9,HD4R,16
mirage,FlipSid3,6,dignitas,16
overpass,dignitas,16,FlipSid3,6
inferno,dignitas,12,FlipSid3,16
overpass,mousesports,9,CSGL,16
cobblestone,CSGL,16,mousesports,10
train,fnatic,16,Vexed,13
overpass,fnatic,16,Vexed,14
inferno,NiP,16,HellRaisers,4
overpass,NiP,16,HellRaisers,13
cobblestone,"European Misfits",4,Enervate,16
mirage,Enervate,16,"European Misfits",11
cache,Enervate,5,"European Misfits",16
dust2,Winterfox,10,Liquid,16
cache,Liquid,16,Winterfox,7
dust2,3sUP,16,Conquest,10
cache,3sUP,14,Liquid,16
overpass,Cloud9,16,Luminosity,7
train,FolloweSports.com,3,CLG,16
cobblestone,CLG,16,FolloweSports.com,1
cache,compLexity,2,Liquid,16
cache,Method,15,Winterfox,19
dust2,Liquid,17,Cloud9,19
train,Winterfox,3,Luminosity,16
mirage,NiP,10,EnVyUs,16
dust2,CSGL,9,E-frag.net,16
cache,E-frag.net,11,CSGL,16
cache,fnatic,5,EnVyUs,16
cache,"Keyd Stars",11,uPGaming.hellfive,16
dust2,TSM,13,NiP,16
cache,Arcade,10,Orgless,16
cobblestone,Orgless,16,Arcade,13
mirage,Arcade,16,Orgless,4
overpass,SK,11,DenDD,16
cobblestone,DenDD,16,SK,6
train,EnVyUs,13,"Natus Vincere",16
mirage,KILLERFISH,16,"Balkan Bears",3
cobblestone,"Balkan Bears",12,KILLERFISH,16
overpass,Titan,5,TSM,16
cache,HellRaisers,16,fnatic,14
inferno,mousesports,17,E-frag.net,19
overpass,E-frag.net,9,mousesports,16
overpass,Titan,16,"Natus Vincere",13
dust2,"Vega Squadron",8,RCTIC,16
mirage,RCTIC,2,"Vega Squadron",16
overpass,"Vega Squadron",17,RCTIC,19
cobblestone,HellRaisers,16,EnVyUs,14
cache,PENTA,16,"Natus Vincere",6
mirage,CSGL,5,FlipSid3,16
train,FlipSid3,16,CSGL,5
overpass,FlipSid3,21,CSGL,25
train,Vexed,7,SK,16
inferno,Vexed,16,SK,14
cobblestone,SK,16,Vexed,11
overpass,TSM,16,ttc,8
cache,TSM,16,ttc,7
cobblestone,Titan,15,mousesports,19
overpass,mousesports,16,Titan,12
cobblestone,"No Problem!",16,PiTER,13
cache,"No Problem!",10,PiTER,16
mirage,PiTER,16,"No Problem!",5
overpass,Enemy,16,Winterfox,2
cache,Winterfox,9,Enemy,16
cobblestone,compLexity,10,Luminosity,16
cache,CLG,16,Method,11
train,compLexity,16,Winterfox,0
overpass,Liquid,16,Winterfox,6
mirage,Luminosity,16,Conquest,11
dust2,ex-eLevate,6,Cloud9,16
dust2,ex-eLevate,16,Winterfox,5
train,Enemy,16,Coast,4
inferno,k1ck,16,3v,5
mirage,HellRaisers,14,mousesports,16
cobblestone,mousesports,14,HellRaisers,16
dust2,TSM,16,fnatic,3
dust2,G2,10,EnVyUs,16
mirage,"FTW.Aca Prinfor",8,AlienTech,16
dust2,TES,6,ExAequo,16
cobblestone,TES,9,ExAequo,16
mirage,"RIP Fonty",16,iDomina,7
overpass,"RIP Fonty",16,iDomina,8
mirage,Titan,8,mousesports,16
train,SK,16,nEophyte,9
mirage,nEophyte,12,SK,16
overpass,Titan,2,fnatic,16
cache,PiTER,12,Lions,16
cobblestone,PiTER,14,Lions,16
dust2,GreyFace,14,NiP,16
cache,GreyFace,12,NiP,16
dust2,G2,19,TSM,21
dust2,"Swag Silicone",7,"Easy Fix",16
mirage,"Easy Fix",9,"Swag Silicone",16
overpass,E-frag.net,10,"Natus Vincere",16
dust2,E-frag.net,16,"Natus Vincere",8
train,"Natus Vincere",16,E-frag.net,5
cache,Titan,16,mousesports,10
train,fnatic,3,EnVyUs,16
cache,PENTA,5,CSGL,16
mirage,CSGL,10,PENTA,16
overpass,Lions,16,"Vega Squadron",12
inferno,"Natus Vincere",19,dignitas,22
mirage,Titan,16,EnVyUs,11
dust2,E-frag.net,16,PENTA,3
cache,E-frag.net,16,PENTA,11
overpass,Vexed,12,DenDD,16
inferno,Vexed,16,DenDD,14
cobblestone,Vexed,14,DenDD,16
mirage,Lions,5,PiTER,16
overpass,Lions,11,PiTER,16
overpass,Torpedo,4,TSM,16
cache,TSM,19,Torpedo,15
mirage,HellRaisers,16,Orgless,14
dust2,HellRaisers,5,Orgless,16
cobblestone,Orgless,13,HellRaisers,16
mirage,"Vega Squadron",16,"No Problem!",5
cache,FlipSid3,19,volgare,16
inferno,FlipSid3,16,volgare,4
inferno,FTW,8,BulletsRage.Pro,16
cache,"Vega Squadron",8,Lions,16
inferno,Lions,16,"Vega Squadron",7
mirage,HellRaisers,14,DenDD,16
cobblestone,DenDD,12,HellRaisers,16
cache,E-frag.net,14,Orgless,16
train,E-frag.net,11,Orgless,16
cobblestone,"No Problem!",23,PiTER,26
cache,PiTER,8,"No Problem!",16
mirage,PiTER,16,"No Problem!",13
dust2,Luminosity,14,Liquid,16
overpass,Luminosity,13,Liquid,16
cache,Enervate,17,"Epiphany Bolt",19
cobblestone,Enervate,12,"Epiphany Bolt",16
cobblestone,Arcade,9,DenDD,16
mirage,Arcade,7,DenDD,16
mirage,Poland,14,France,16
cobblestone,Poland,4,France,16
dust2,Poland,8,France,16
train,France,9,Poland,16
mirage,France,16,Russia,11
cobblestone,Russia,16,France,19
dust2,Poland,16,Sweden,10
train,Sweden,7,Poland,16
cobblestone,Poland,14,Sweden,16
cache,France,16,Germany,7
cobblestone,Germany,2,France,16
mirage,Russia,16,Norway,10
dust2,Russia,10,Norway,16
overpass,Norway,16,Russia,19
inferno,SK,14,dignitas,16
overpass,dignitas,16,SK,13
mirage,dignitas,16,SK,14
cobblestone,Sweden,16,Canada,11
inferno,Canada,17,Sweden,19
dust2,Poland,16,Kyrgyzstan,12
train,Kyrgyzstan,7,Poland,16
cache,Luminosity,16,"Games Academy",14
cobblestone,Luminosity,16,"Games Academy",5
cobblestone,Torpedo,16,ESC,2
train,Torpedo,13,ESC,16
cache,Torpedo,16,ESC,12
dust2,Finland,16,Sweden,5
cache,"Easy Fix",14,ExAequo,16
dust2,ExAequo,16,"Easy Fix",7
mirage,Denmark,5,Sweden,16
dust2,Belgium,12,Norway,16
inferno,Norway,16,Belgium,19
mirage,Belgium,16,Norway,19
dust2,France,16,Netherlands,14
inferno,Netherlands,6,France,16
dust2,Reason,13,ESC,16
overpass,Reason,16,ESC,11
mirage,ESC,16,Reason,10
inferno,Norway,6,Sweden,16
dust2,Norway,10,Canada,16
dust2,Torpedo,16,"Epiphany Bolt",3
cobblestone,"Epiphany Bolt",9,Torpedo,16
train,Torpedo,8,"Epiphany Bolt",16
cobblestone,Poland,19,France,16
dust2,Belgium,16,Singapore,6
cache,USA,8,Netherlands,16
train,Belgium,9,Canada,16
cache,Poland,16,Netherlands,11
dust2,Singapore,3,Norway,16
dust2,France,16,USA,4
dust2,FolloweSports.com,1,Liquid,16
cobblestone,Liquid,16,FolloweSports.com,4
mirage,"RIP Fonty",14,TES,16
cache,"RIP Fonty",21,TES,18
dust2,iDomina,12,"Swag Silicone",16
mirage,"Swag Silicone",16,iDomina,8
mirage,Reason,12,Orgless,16
cobblestone,Reason,11,Orgless,16
mirage,"Worst Players",12,Torpedo,16
cache,KILLERFISH,12,HellRaisers,16
cobblestone,KILLERFISH,16,HellRaisers,9
dust2,Indonesia,4,Sweden,16
mirage,Sweden,16,Indonesia,2
mirage,"Worst Players",14,Reason,16
cache,gBots,16,OverGaming,3
train,gBots,16,OverGaming,7
cache,Torpedo,16,"European Misfits",3
dust2,TSM,16,dignitas,3
mirage,Russia,16,Kyrgyzstan,2
cobblestone,Russia,16,Kyrgyzstan,10
cobblestone,Reason,16,Torpedo,10
cache,Germany,16,Sweden,13
mirage,"Worst Players",16,"European Misfits",7
overpass,Russia,16,Tunisia,4
inferno,Russia,16,Tunisia,3
mirage,Serbia,9,Indonesia,16
dust2,Indonesia,6,Germany,16
dust2,Tunisia,10,Kyrgyzstan,16
mirage,Tunisia,14,Kyrgyzstan,16
inferno,Sweden,16,Serbia,7
cobblestone,Enemy,16,FolloweSports.com,11
mirage,Liquid,16,Coast,7
cache,Liquid,16,Coast,8
cobblestone,Method,16,Enemy,5
overpass,Liquid,16,FolloweSports.com,2
cobblestone,Liquid,16,Method,4
mirage,Denial,16,Coast,6
dust2,Coast,16,Denial,11
inferno,Titan,13,Property,16
cobblestone,Property,5,Titan,16
cobblestone,SK,10,fnatic,16
cache,BX3,9,ESC,16
train,HellRaisers,12,dignitas,16
cache,ExAequo,16,"RIP Fonty",9
cobblestone,ExAequo,16,"RIP Fonty",1
mirage,KIYF,13,gBots,16
dust2,KIYF,7,gBots,16
inferno,BX3,10,"Epiphany Bolt",16
train,Titan,16,G2,12
dust2,G2,13,Titan,16
mirage,Choke,8,ESC,16
mirage,x6tence,12,OverGaming,16
cache,x6tence,5,OverGaming,16
train,"Epiphany Bolt",16,Choke,2
dust2,G2,12,HellRaisers,16
overpass,HellRaisers,16,G2,19
cache,BX3,16,ESC,8
train,Enemy,16,FolloweSports.com,5
mirage,Denial,16,Liquid,12
cache,Liquid,16,Denial,6
inferno,Enemy,16,Method,7
overpass,Method,11,Liquid,16
cobblestone,3sUP,16,FolloweSports.com,8
train,FolloweSports.com,19,3sUP,15
cobblestone,NiP,2,HellRaisers,16
cobblestone,dignitas,19,mousesports,15
mirage,"RIP Fonty",14,"Easy Fix",16
cache,"Easy Fix",13,"RIP Fonty",16
mirage,Orgless,16,"London C",5
train,Orgless,16,"London C",8
dust2,Orgless,5,"London C",16
train,CSGL,2,SK,16
overpass,CSGL,11,SK,16
cobblestone,Titan,16,NiP,21
train,GreyFace,14,KILLERFISH,16
mirage,KILLERFISH,16,GreyFace,1
cobblestone,TES,16,iDomina,8
mirage,iDomina,8,TES,16
train,G2,13,EnVyUs,16
cobblestone,NiP,10,TSM,16
cobblestone,HellRaisers,16,FlipSid3,7
cache,FlipSid3,13,HellRaisers,16
cobblestone,ExAequo,16,"Swag Silicone",1
dust2,ExAequo,16,"Swag Silicone",7
mirage,KILLERFISH,16,"Worst Players",8
cobblestone,NiP,14,fnatic,16
overpass,TSM,16,Titan,5
inferno,BX3,9,Torpedo,16
train,BX3,8,Torpedo,16
train,SK,10,E-frag.net,16
inferno,E-frag.net,16,SK,6
cobblestone,PENTA,12,Vexed,16
inferno,Vexed,16,PENTA,4
train,fnatic,13,Titan,16
overpass,TSM,16,HellRaisers,5
train,Orgless,16,CSGL,3
cobblestone,Orgless,16,CSGL,4
inferno,G2,16,dignitas,7
train,dignitas,16,G2,12
cache,"Worst Players",14,GreyFace,16
mirage,GreyFace,16,"Worst Players",13
dust2,FolloweSports.com,4,Luminosity,16
cobblestone,Luminosity,16,FolloweSports.com,9
dust2,compLexity,14,Trifecta,16
overpass,Trifecta,16,compLexity,8
cobblestone,"Games Academy",16,ex-eLevate,14
cache,ex-eLevate,1,"Games Academy",16
train,Winterfox,5,CLG,16
cobblestone,CLG,21,Winterfox,25
inferno,"LDLC White",16,Evokate,10
dust2,Evokate,5,"LDLC White",16
overpass,FlipSid3,16,E-frag.net,13
train,E-frag.net,14,FlipSid3,16
cache,SkinsVault,3,KILLERFISH,16
cobblestone,Vexed,6,"Natus Vincere",16
dust2,Vexed,16,"Natus Vincere",19
cobblestone,dignitas,16,CSGL,5
mirage,CSGL,6,dignitas,16
cache,GreyFace,16,KILLERFISH,5
mirage,GreyFace,16,KILLERFISH,13
cobblestone,MaxAndRelax,16,"Worst Players",8
cache,"Worst Players",8,MaxAndRelax,16
inferno,unKnights,5,Pulse,16
cache,Pulse,16,unKnights,11
mirage,unKnights,22,Pulse,19
cache,E-frag.net,16,"No Problem!",12
mirage,E-frag.net,16,"No Problem!",4
cache,HellRaisers,16,PENTA,9
dust2,HellRaisers,16,PENTA,6
mirage,HellRaisers,14,PENTA,16
dust2,SkinsVault,17,"Worst Players",21
mirage,"Worst Players",16,SkinsVault,8
train,nxl,16,TheMongolz,9
mirage,TheMongolz,6,nxl,16
dust2,nxl,16,TheMongolz,8
cache,TheMongolz,16,nxl,6
inferno,nxl,23,TheMongolz,25
mirage,Winterfox,16,FolloweSports.com,11
dust2,FolloweSports.com,16,Winterfox,11
mirage,Enemy,10,Conquest,16
inferno,Conquest,16,Enemy,11
inferno,Winterfox,13,Luminosity,16
cache,Luminosity,16,Winterfox,4
cache,Winterfox,7,Conquest,16
inferno,Winterfox,6,Conquest,16
inferno,"Worst Players",5,Orgless,16
mirage,Orgless,16,"Worst Players",10
mirage,MaxAndRelax,12,FlipSid3,16
train,MaxAndRelax,3,FlipSid3,16
dust2,E-frag.net,6,Titan,16
overpass,Titan,19,E-frag.net,15
cobblestone,KILLERFISH,16,"Worst Players",11
mirage,KILLERFISH,16,"Worst Players",12
mirage,ttc,16,"CPH Wolves",14
cobblestone,"CPH Wolves",9,ttc,16
cache,ttc,14,"CPH Wolves",16
overpass,HellRaisers,16,E-frag.net,11
dust2,E-frag.net,16,HellRaisers,14
inferno,FlipSid3,16,Torpedo,5
dust2,Torpedo,10,FlipSid3,16
train,Torpedo,16,FlipSid3,13
dust2,nxl,19,MVP.karnal,15
cache,nxl,16,MVP.karnal,13
overpass,Virtus.pro,12,TSM,16
train,TSM,16,Virtus.pro,12
train,OverGaming,5,Epsilon,16
mirage,Epsilon,16,OverGaming,2
mirage,Exile5,16,"Animal Squad",8
inferno,TyLoo,11,TheMongolz,16
cache,TheMongolz,22,TyLoo,20
mirage,carboN,13,Bravado,16
inferno,carboN,8,Bravado,16
cache,Chiefs,13,Immunity,16
dust2,fnatic,12,Virtus.pro,16
train,fnatic,12,Virtus.pro,16
dust2,fSociety,16,Renegades,14
cache,x6tence,10,Epsilon,16
mirage,Epsilon,11,x6tence,16
overpass,x6tence,15,Epsilon,21
inferno,Pries,12,Enso,16
mirage,Enso,8,Pries,16
train,Enso,16,Pries,14
inferno,eNergy,16,Aperture,0
mirage,Aperture,16,eNergy,5
overpass,eNergy,16,Aperture,3
mirage,PENTA,16,CSGL,5
dust2,CSGL,16,PENTA,19
train,TSM,16,Virtus.pro,14
inferno,Virtus.pro,12,TSM,16
train,E-frag.net,16,Enervate,3
mirage,E-frag.net,16,Enervate,8
inferno,Aperture,10,carboN,16
cache,Aperture,9,carboN,16
dust2,31337,14,ATB,16
cache,31337,16,ATB,10
mirage,ATB,25,31337,23
overpass,CSGL,16,Vexed,10
cobblestone,CSGL,7,Vexed,16
mirage,Vexed,9,CSGL,16
cache,summa.gg,7,OverGaming,16
inferno,OverGaming,16,summa.gg,8
cache,"Animal Squad",16,Renegades,8
dust2,Bravado,16,eNergy,2
mirage,eNergy,9,Bravado,16
overpass,TyLoo,16,m0nster,1
cobblestone,m0nster,13,TyLoo,16
cache,CSGL,16,31337,13
mirage,CSGL,16,31337,5
overpass,Exile5,15,Immunity,21
overpass,Liquid,7,fnatic,16
cobblestone,Liquid,16,fnatic,12
cache,fnatic,16,Liquid,9
mirage,Chiefs,13,fSociety,16
cobblestone,ATB,3,Vexed,16
mirage,Vexed,16,ATB,3
cache,DeToNator,8,"Rapture Play",16
dust2,"Rapture Play",22,DeToNator,19
overpass,ESC,2,"No Problem!",16
cache,"No Problem!",14,ESC,16
mirage,ESC,11,"No Problem!",16
cache,"Epiphany Bolt",10,"No Problem!",16
cobblestone,"Epiphany Bolt",6,"No Problem!",16
mirage,"No Problem!",14,"Epiphany Bolt",16
mirage,E-frag.net,13,SK,16
overpass,SK,22,E-frag.net,18
inferno,SK,10,E-frag.net,16
dust2,fnatic,10,TSM,16
inferno,TSM,16,fnatic,14
train,ESC,16,"Worst Players",4
mirage,ESC,16,"Worst Players",19
cache,"Worst Players",14,ESC,16
cobblestone,TheMongolz,16,Insidious,3
inferno,Insidious,6,TheMongolz,16
mirage,Liquid,9,Virtus.pro,16
overpass,Virtus.pro,16,Liquid,14
mirage,Coast,13,Cloud9,16
dust2,FolloweSports.com,8,Trifecta,16
cobblestone,FolloweSports.com,16,Trifecta,8
train,Conquest,11,Luminosity,16
train,Cloud9,16,Luminosity,6
inferno,Belgium,16,Finland,14
dust2,Belgium,2,Finland,16
cobblestone,Finland,13,Belgium,16
cache,"Epiphany Bolt",6,"No Problem!",16
mirage,"Epiphany Bolt",7,"No Problem!",16
cobblestone,"No Problem!",9,"Epiphany Bolt",16
overpass,EnVyUs,16,dignitas,8
mirage,TES,16,"Swag Silicone",10
cobblestone,"Swag Silicone",16,TES,12
cache,BX3,12,ESC,16
inferno,Russia,16,Hungary,12
overpass,Hungary,7,Russia,16
dust2,KIYF,19,Play2Win,16
cache,KIYF,6,Play2Win,16
mirage,KIYF,16,Play2Win,12
dust2,"Easy Fix",16,iDomina,0
cache,"Easy Fix",16,iDomina,5
cache,"Epiphany Bolt",16,BX3,6
inferno,dignitas,16,SK,14
cobblestone,"CPH Wolves",16,PENTA,8
cache,PENTA,7,"CPH Wolves",16
mirage,PENTA,19,"CPH Wolves",17
cobblestone,Poland,16,Slovakia,6
mirage,Poland,9,Slovakia,16
cache,Slovakia,14,Poland,16
train,SK,10,EnVyUs,16
cache,"Playing Ducks",12,ESC,16
overpass,XPRESIV'E,11,x6tence,16
mirage,x6tence,16,XPRESIV'E,14
cache,NiP,11,HellRaisers,16
train,Orbit,16,KILLERFISH,12
cobblestone,KILLERFISH,16,Orbit,19
mirage,"Epiphany Bolt",16,"Playing Ducks",14
overpass,CSGL,16,Property,12
cobblestone,CSGL,16,Property,11
cobblestone,SK,12,PENTA,16
mirage,SK,9,PENTA,16
dust2,France,16,Iceland,10
cache,France,16,Iceland,12
cache,"All-Star Dragon",16,"All-Star Tiger",2
dust2,"All-Star Tiger",12,"All-Star Dragon",16
cache,ESC,13,BX3,16
overpass,3sUP,16,Enemy,7
cobblestone,FolloweSports.com,16,Winterfox,9
mirage,CLG,16,Method,9
cache,Method,14,CLG,16
mirage,Cloud9,16,FolloweSports.com,19
dust2,Winterfox,1,Cloud9,16
cache,CLG,16,3sUP,1
cobblestone,3sUP,8,CLG,16
overpass,compLexity,16,Luminosity,5
overpass,Titan,9,HellRaisers,16
cache,TSM,16,Virtus.pro,11
cobblestone,dignitas,16,Titan,5
inferno,XPC,6,"No Problem!",16
cache,FlipSid3,16,CSGL,13
train,FlipSid3,16,CSGL,11
cobblestone,HellRaisers,12,EnVyUs,16
inferno,Virtus.pro,14,Titan,16
inferno,Sweden,16,Kazakhstan,6
dust2,Sweden,16,Kazakhstan,4
cache,Lions,16,PENTA,13
inferno,Lions,16,PENTA,19
mirage,Lions,19,PENTA,16
overpass,Portugal,12,Norway,16
cache,Portugal,21,Norway,25
dust2,Norway,14,Portugal,16
mirage,Planetkey,16,"EYES ON U",9
dust2,Planetkey,16,"EYES ON U",7
overpass,"No Problem!",6,"Worst Players",16
inferno,mousesports,14,dignitas,16
cobblestone,mousesports,14,dignitas,16
dust2,TSM,16,G2,5
mirage,EnVyUs,19,Virtus.pro,16
mirage,XPC,16,"LGB fe",2
dust2,fnatic,10,Virtus.pro,16
dust2,"Natus Vincere",16,EnVyUs,11
cache,"London C",14,SK,16
inferno,SK,16,"London C",6
train,CSGL,16,MaxAndRelax,8
cache,MaxAndRelax,12,CSGL,16
mirage,"Worst Players",16,"LGB fe",1
dust2,PENTA,11,HellRaisers,16
mirage,HellRaisers,13,PENTA,16
cobblestone,Spain,12,Germany,16
dust2,Spain,14,Germany,16
cache,Germany,12,Spain,16
mirage,XPC,2,"No Problem!",16
train,PiTER,3,E-frag.net,16
mirage,PiTER,7,E-frag.net,16
dust2,Enervate,6,PiTER,16
cache,PiTER,10,Enervate,16
cobblestone,Enervate,5,PiTER,16
overpass,PiTER,5,E-frag.net,16
cache,E-frag.net,16,PiTER,2
cache,Coast,7,Winterfox,16
mirage,CLG,14,Leader-1,16
mirage,3sUP,6,Method,16
train,Method,16,3sUP,12
cobblestone,Conquest,17,compLexity,19
mirage,Swarm,16,Enemy,13
mirage,3sUP,17,compLexity,19
dust2,Luminosity,16,Coast,7
mirage,Luminosity,16,Coast,10
train,FolloweSports.com,16,Winterfox,6
cobblestone,CLG,16,ACE,6
train,Titan,2,G2,16
mirage,mySemperFi,1,"No Problem!",16
cobblestone,Sweden,5,Belgium,16
mirage,Russia,5,Slovakia,16
cache,FlipSid3,2,mousesports,16
inferno,mousesports,16,FlipSid3,13
overpass,CSGL,13,Reason,16
mirage,CSGL,8,Reason,16
mirage,EnVyUs,14,Virtus.pro,16
cobblestone,Titan,16,SK,9
dust2,Belgium,16,Iceland,11
dust2,GRS.GP,2,mySemperFi,16
mirage,dignitas,16,Orbit,3
dust2,dignitas,16,Orbit,3
train,Orbit,16,dignitas,3
dust2,HellRaisers,2,NiP,16
mirage,Virtus.pro,8,"Natus Vincere",16
dust2,Iceland,16,"Bosnia & Herzegovina",4
dust2,mousesports,16,"Sententia Mortis",4
cache,"Sententia Mortis",2,mousesports,16
cache,"United Kingdom",13,Finland,16
mirage,PENTA,16,"Playing Ducks",8
cobblestone,PENTA,16,"Playing Ducks",10
mirage,KILLERFISH,22,"EYES ON U",19
dust2,"EYES ON U",16,KILLERFISH,13
cache,Caseking,16,Planetkey,10
cobblestone,Planetkey,6,Caseking,16
dust2,NiP,12,TSM,16
overpass,Virtus.pro,16,SK,8
cache,"Bosnia & Herzegovina",16,Norway,12
cache,mySemperFi,2,"No Problem!",16
mirage,mySemperFi,5,"No Problem!",16
overpass,XPC,6,Reason,16
mirage,Reason,16,XPC,2
inferno,Slovakia,13,"United Kingdom",16
train,G2,16,NiP,13
cobblestone,HellRaisers,9,Virtus.pro,16
cache,Iceland,8,Norway,16
dust2,Germany,10,Finland,16
dust2,Germany,16,"United Kingdom",7
dust2,TSM,16,EnVyUs,13
cache,TSM,16,EnVyUs,9
cache,Enervate,16,"Vega Squadron",2
mirage,"Vega Squadron",16,Enervate,19
mirage,RCTIC,13,Enervate,16
cobblestone,Enervate,16,RCTIC,13
dust2,"Vega Squadron",16,Nostalgie,14
mirage,"Vega Squadron",16,Nostalgie,7
overpass,CLG,16,Enemy,6
train,Enemy,3,CLG,16
mirage,FolloweSports.com,11,"Games Academy",16
dust2,Luminosity,16,Conquest,10
cobblestone,Luminosity,16,Conquest,14
dust2,E-frag.net,16,Enervate,12
cache,Enervate,6,E-frag.net,16
mirage,GLG,9,"United Estonia",16
dust2,k1ck,9,GRS.GP,16
mirage,Germany,14,Russia,16
train,Sweden,16,Iceland,12
mirage,Vexed,9,Reason,16
overpass,Vexed,8,Reason,16
cache,mousesports,16,Property,12
cobblestone,Property,4,mousesports,16
mirage,Choke,8,fish123,16
dust2,Norway,14,Sweden,16
cache,"Asus ROG",16,TeamLessNana,11
dust2,"Asus ROG",17,TeamLessNana,19
cobblestone,Publiclir.se,3,"LDLC White",16
cache,"LDLC White",14,Publiclir.se,16
inferno,"LDLC White",16,Publiclir.se,6
mirage,"United Kingdom",4,Russia,16
cache,mySemperFi,16,GRS.GP,5
dust2,mySemperFi,16,GRS.GP,8
inferno,XENEX,6,Infused,16
dust2,Belgium,16,Belarus,11
dust2,mousesports,4,G2,16
cache,G2,16,mousesports,10
cobblestone,"Bosnia & Herzegovina",6,Belgium,16
dust2,"Red Instinct",5,"LDLC Blue",16
cobblestone,"Red Instinct",13,"LDLC Blue",16
cobblestone,Slovakia,16,Turkey,2
mirage,Enervate,19,Nostalgie,16
cobblestone,Enervate,16,Nostalgie,11
cache,"Bosnia & Herzegovina",15,Belarus,15
dust2,Vexed,16,BX3,14
cache,Vexed,11,BX3,16
cobblestone,BX3,6,Vexed,16
mirage,"No Problem!",16,k1ck,8
cache,k1ck,9,"No Problem!",16
cobblestone,k1ck,16,"No Problem!",11
mirage,Finland,6,Slovakia,16
mirage,Turkey,3,Finland,16
mirage,"Vega Squadron",11,PiTER,16
cache,PiTER,16,"Vega Squadron",13
dust2,RCTIC,16,"Vega Squadron",19
mirage,"Vega Squadron",16,RCTIC,14
mirage,Method,16,vVv,10
inferno,FolloweSports.com,14,Enemy,16
cobblestone,FolloweSports.com,16,Enemy,12
cache,"Games Academy",16,Method,13
train,Method,8,Conquest,16
cache,Conquest,16,Method,10
inferno,MaxAndRelax,16,Orbit,3
mirage,MaxAndRelax,5,Orbit,16
cache,EnVyUs,16,fnatic,9
inferno,EnVyUs,13,fnatic,16
train,fnatic,16,EnVyUs,12
mirage,fnatic,6,EnVyUs,16
cobblestone,fnatic,12,EnVyUs,16
overpass,HellRaisers,13,Vexed,16
dust2,HellRaisers,16,Vexed,7
cobblestone,Vexed,16,HellRaisers,11
cobblestone,Liquid,16,Renegades,4
cache,Renegades,7,Liquid,16
cobblestone,Virtus.pro,6,EnVyUs,16
cache,EnVyUs,16,Virtus.pro,7
mirage,Virtus.pro,16,EnVyUs,9
inferno,Virtus.pro,12,EnVyUs,16
train,Virtus.pro,16,EnVyUs,8
overpass,FlipSid3,16,"CPH Wolves",13
mirage,FlipSid3,16,"CPH Wolves",10
inferno,Immunity,12,dignitas,16
mirage,dignitas,11,Immunity,16
train,dignitas,16,Immunity,12
train,fnatic,16,NiP,7
inferno,NiP,19,fnatic,17
mirage,NiP,13,fnatic,16
cobblestone,fnatic,16,NiP,1
dust2,fnatic,16,NiP,19
overpass,Skyred,12,Vexed,16
cache,Vexed,16,Skyred,14
cobblestone,Titan,16,HellRaisers,7
dust2,Titan,16,HellRaisers,13
overpass,HellRaisers,16,Titan,8
dust2,Vexed,7,HellRaisers,16
cobblestone,Vexed,11,HellRaisers,16
dust2,Titan,16,Skyred,7
inferno,Titan,16,Skyred,8
cobblestone,Conquest,16,Coast,6
inferno,Coast,4,Conquest,16
inferno,Luminosity,16,3sUP,4
cache,Luminosity,16,ex-eLevate,7
train,compLexity,5,Enemy,16
cache,Winterfox,10,Renegades,16
train,Winterfox,13,Renegades,16
mirage,"VERY T0X1C",16,"Gdansk Lions",10
train,"Gdansk Lions",8,"VERY T0X1C",16
train,Torpedo,10,ESC,16
cache,Torpedo,12,ESC,16
mirage,Torpedo,16,ESC,4
mirage,Virtus.pro,16,Orbit,10
cobblestone,Virtus.pro,6,Orbit,16
train,Orbit,10,Virtus.pro,16
inferno,E-frag.net,16,SK,2
overpass,E-frag.net,16,SK,6
cache,ESC,16,"Epiphany Bolt",10
cobblestone,mousesports,16,Liquid,9
cache,mousesports,16,Liquid,10
cache,ATB,10,31337,16
train,31337,16,ATB,6
dust2,MaxAndRelax,16,volgare,10
mirage,MaxAndRelax,19,volgare,16
train,TSM,16,Virtus.pro,3
overpass,TSM,16,Virtus.pro,11
cobblestone,"Epiphany Bolt",13,Torpedo,16
cache,"Epiphany Bolt",14,Torpedo,16
cache,Renegades,13,Liquid,16
overpass,Renegades,5,Liquid,16
cobblestone,Renegades,16,Liquid,14
cobblestone,Winterfox,11,mousesports,16
dust2,Winterfox,17,mousesports,19
cobblestone,Luminosity,16,compLexity,1
dust2,compLexity,5,Luminosity,16
dust2,ex-eLevate,16,3sUP,5
mirage,"Games Academy",15,FolloweSports.com,19
train,compLexity,16,Misery,3
mirage,Method,16,Coast,13
dust2,Method,16,Coast,13
dust2,"CPH Wolves",16,CSGL,1
mirage,"CPH Wolves",16,CSGL,14
dust2,"Sententia Mortis",6,G2,16
cache,G2,16,"Sententia Mortis",8
cache,"CPH Wolves",14,CSGL,16
train,E-frag.net,16,"Worst Players",4
overpass,E-frag.net,13,"Worst Players",16
mirage,ESC,16,XPC,11
cache,KILLERFISH,16,uX,10
train,KILLERFISH,16,uX,3
train,Orbit,9,Property,16
inferno,Orbit,5,Property,16
dust2,E-frag.net,5,G2,16
train,E-frag.net,4,G2,16
cache,Torpedo,16,XPC,5
cobblestone,XPC,1,Torpedo,16
train,FlipSid3,12,CLG,16
cache,FlipSid3,14,CLG,16
mirage,"Playing Ducks",19,Planetkey,16
dust2,"Playing Ducks",10,Planetkey,16
mirage,SK,19,MaxAndRelax,22
train,MaxAndRelax,16,SK,2
mirage,"Epiphany Bolt",16,ESC,2
cobblestone,"Epiphany Bolt",16,ESC,13
mirage,CSGL,10,CLG,16
overpass,CSGL,11,CLG,16
dust2,CLG,17,CSGL,19
mirage,FlipSid3,16,"CPH Wolves",12
train,"CPH Wolves",1,FlipSid3,16
inferno,Coast,16,3sUP,11
mirage,vVv,11,"Games Academy",16
mirage,Method,22,FolloweSports.com,20
dust2,FolloweSports.com,19,Method,15
inferno,Conquest,16,Leader-1,4
cache,3sUP,6,Luminosity,16
inferno,Coast,16,FolloweSports.com,3
cobblestone,ACE,10,Conquest,16
overpass,"LAN DODGERS",16,"CSGOEvo White",12
cache,"LAN DODGERS",16,"CSGOEvo White",13
mirage,Publiclir.se,14,"LAN DODGERS",16
mirage,G2,16,PENTA,9
cache,PENTA,16,G2,11
dust2,Orbit,12,E-frag.net,16
mirage,E-frag.net,16,Orbit,3
train,TSM,16,NiP,5
overpass,ATB,12,Vexed,16
dust2,ATB,5,Vexed,16
dust2,ROCCAT,14,Immunity,16
dust2,NiP,14,fnatic,16
mirage,Immunity,16,ROCCAT,8
cobblestone,"Natus Vincere",4,fnatic,16
inferno,E-frag.net,16,"Sententia Mortis",11
dust2,"Sententia Mortis",14,E-frag.net,16
cache,ESC,10,"VERY T0X1C",16
cobblestone,"VERY T0X1C",16,ESC,9
cobblestone,Publiclir.se,4,"CSGOEvo White",16
mirage,"CSGOEvo White",14,Publiclir.se,16
cache,"CSGOEvo White",16,Publiclir.se,1
train,"Natus Vincere",16,TSM,10
inferno,Caseking,16,"EYES ON U",13
dust2,Caseking,17,"EYES ON U",19
cache,dignitas,6,Cloud9,16
inferno,dignitas,12,Cloud9,16
overpass,SK,16,"Worst Players",13
mirage,SK,19,"Worst Players",16
mirage,PENTA,16,XPC,2
cache,PENTA,16,XPC,7
inferno,dignitas,16,Immunity,12
cache,Immunity,5,dignitas,16
cobblestone,Athletico,10,"Animal Squad",16
inferno,"Animal Squad",21,Athletico,15
cache,Cloud9,16,ROCCAT,8
dust2,ROCCAT,14,Cloud9,16
inferno,Chiefs,16,Control.VP,1
mirage,Control.VP,16,Chiefs,11
cache,Chiefs,16,Control.VP,12
cache,FolloweSports.com,4,Method,16
cache,Enemy,5,Trifecta,16
train,Trifecta,9,Enemy,16
dust2,FolloweSports.com,16,vVv,3
train,compLexity,16,Coast,7
cache,Trifecta,16,Luminosity,8
inferno,Luminosity,16,Trifecta,4
mirage,"United Estonia",16,fish123,12
overpass,Orbit,14,volgare,16
dust2,Orbit,16,volgare,10
cache,Planetkey,6,"LAN DODGERS",16
inferno,PENTA,15,"Sententia Mortis",19
mirage,"Sententia Mortis",6,PENTA,16
mirage,Choke,16,GLG,10
mirage,Publiclir.se,16,Planetkey,5
cache,Planetkey,10,Publiclir.se,16
cache,CeX,11,XENEX,16
dust2,"CSGOEvo White",16,"LAN DODGERS",1
cache,"CSGOEvo White",16,"LAN DODGERS",10
mirage,"LAN DODGERS",16,"CSGOEvo White",14
mirage,MaxAndRelax,3,Reason,16
inferno,Reason,16,MaxAndRelax,8
overpass,"Vox Eminor",12,Athletico,16
cobblestone,"Vox Eminor",8,Athletico,16
dust2,RiP,7,"Animal Squad",16
mirage,RiP,10,"Animal Squad",16
inferno,TRIDENT,10,Available!,16
cache,TRIDENT,19,Available!,21
inferno,Control.VP,16,Molotov,9
cache,Molotov,7,Control.VP,16
dust2,Luminosity,16,Vault,3
train,Coast,10,compLexity,16
dust2,Coast,2,compLexity,16
overpass,FlipSid3,16,Property,7
inferno,Property,17,FlipSid3,19
inferno,TSM,13,EnVyUs,16
dust2,TSM,13,EnVyUs,16
cobblestone,Orbit,16,FlipSid3,13
mirage,Orbit,13,FlipSid3,16
cobblestone,Vexed,16,Property,9
overpass,Property,25,Vexed,21
cobblestone,"CPH Wolves",9,EnVyUs,16
mirage,"CPH Wolves",8,EnVyUs,16
dust2,Phenomenon,3,Pries,16
cache,Phenomenon,10,Pries,16
overpass,dignitas,14,TSM,16
mirage,TSM,16,dignitas,6
mirage,ex-eLevate,16,CLG,13
cache,ex-eLevate,9,CLG,16
dust2,ex-eLevate,16,CLG,13
mirage,G2,11,"CPH Wolves",16
cobblestone,SK,13,"CPH Wolves",16
train,CLG,16,FolloweSports.com,9
mirage,CLG,16,FolloweSports.com,2
dust2,G2,8,TSM,16
dust2,"Worst Players",16,volgare,13
mirage,volgare,10,"Worst Players",16
inferno,G2,16,SK,13
cobblestone,Infused,14,HellRaisers,16
mirage,HellRaisers,16,Infused,4
overpass,"CPH Wolves",5,TSM,16
mirage,EZskins.com,2,dignitas,16
cobblestone,m0nster,16,AbsoluteTerror,13
dust2,Renegades,11,EZskins.com,16
inferno,m0nster,16,MOTV,13
mirage,dignitas,6,EnVyUs,16
cache,nxl,16,TwistoFate,10
cobblestone,Renegades,13,dignitas,16
mirage,TwistoFate,16,Penguin,14
inferno,EZskins.com,2,EnVyUs,16
mirage,Property,10,nerdRage,16
cache,nerdRage,19,Property,16
cache,"WE GOT GAME",22,"Dead Pixels",19
dust2,"Dead Pixels",4,"WE GOT GAME",16
dust2,Fraternitas,16,"LDLC White",13
overpass,"LDLC White",13,Fraternitas,16
inferno,"LDLC White",16,Fraternitas,10
cache,"Red Instinct",16,melty,12
cache,"LDLC White",16,"Keyd Stars",6
dust2,"LDLC White",16,"Keyd Stars",6
dust2,"Miraculous Hawks",9,Insidious,16
tuscan,PiTER,10,"New Era",16
season,"New Era",11,PiTER,16
dust2,inchk1ng,8,"Miraculous Hawks",16
cobblestone,MiTH,6,MVP.karnal,16
dust2,MiTH,16,DeToNator,14
cache,Conquest,21,Luminosity,26
inferno,Luminosity,8,Conquest,16
mirage,Conquest,6,Luminosity,16
dust2,Mortality,17,Method,19
mirage,Mortality,6,Method,16
overpass,CLG,16,Coast,1
mirage,CLG,16,Enemy,5
cobblestone,3sUP,13,Liquid,16
train,Liquid,22,3sUP,18
inferno,3sUP,16,compLexity,7
train,Method,7,Cloud9,16
inferno,Cloud9,16,Coast,8
mirage,"Games Academy",12,Luminosity,16
cache,"Games Academy",19,Luminosity,21
train,Luminosity,13,"Games Academy",16
dust2,"Bosnia & Herzegovina",2,Sweden,16
mirage,"Dead Pixels",16,"Red Instinct",1
cobblestone,"Red Instinct",16,"Dead Pixels",11
dust2,"Red Instinct",5,"Dead Pixels",16
train,fnatic,16,TSM,9
mirage,Sweden,10,Belarus,16
mirage,Fraternitas,13,Vexed,16
dust2,Fraternitas,12,Vexed,16
cobblestone,Fraternitas,16,Vexed,10
train,INFINITY,16,Reason,6
mirage,Reason,4,INFINITY,16
dust2,Reason,16,INFINITY,12
cache,ESC,16,RCTIC,14
mirage,RCTIC,14,ESC,16
mirage,Finland,13,Russia,16
mirage,EnVyUs,16,Titan,8
mirage,Norway,16,Belarus,6
dust2,fnatic,16,HellRaisers,9
mirage,Russia,3,Turkey,16
mirage,"uber g33ks",10,RCTIC,16
cache,Norway,16,Belgium,12
dust2,"WE GOT GAME",16,melty,12
inferno,melty,12,"WE GOT GAME",16
mirage,Turkey,16,"United Kingdom",9
cache,NiP,16,fnatic,13
cache,Iceland,16,Belarus,14
train,Fraternitas,16,"LDLC White",3
dust2,Fraternitas,16,"LDLC White",11
cache,Fraternitas,11,"LDLC White",16
dust2,Vexed,16,"Keyd Stars",14
train,"Keyd Stars",5,Vexed,16
cache,Turkey,10,Germany,16
cache,ESC,16,RCTIC,8
mirage,ESC,6,RCTIC,16
dust2,ESC,16,RCTIC,8
dust2,Slovakia,9,Germany,16
cobblestone,3sUP,8,Vault,16
cobblestone,CLG,16,Conquest,11
cobblestone,Coast,14,compLexity,16
overpass,Luminosity,16,Method,1
dust2,Luminosity,16,Method,13
inferno,Vault,6,ex-eLevate,16
cobblestone,Coast,16,Conquest,9
inferno,Coast,11,Enemy,16
mirage,compLexity,13,Method,16
mirage,Luminosity,9,CLG,16
cache,CLG,8,Luminosity,16
inferno,Liquid,16,FolloweSports.com,4
cache,Braindead,4,Conquest,16
cobblestone,Conquest,16,Braindead,6
dust2,"Red Instinct",16,TS-Netteux,14
mirage,nerdRage,6,"uber g33ks",16
cache,Poland,10,Denmark,16
train,TS-Netteux,3,"WE GOT GAME",16
mirage,Netherlands,16,Hungary,13
mirage,Property,9,G2,16
cache,G2,16,Property,14
dust2,Titan,17,TSM,21
inferno,SK,11,mousesports,16
cobblestone,"Red Instinct",13,"WE GOT GAME",16
cobblestone,France,16,Netherlands,10
dust2,Reason,10,dignitas,16
cache,Reason,13,dignitas,16
dust2,"EYES ON U",16,"Playing Ducks",6
mirage,"Playing Ducks",16,"EYES ON U",5
inferno,fnatic,16,TSM,9
cobblestone,mousesports,16,HellRaisers,11
mirage,Serbia,8,Hungary,16
cache,RCTIC,16,"uber g33ks",13
mirage,RCTIC,14,"uber g33ks",16
dust2,RCTIC,19,"uber g33ks",15
mirage,Distinct5,3,31337,16
cache,31337,19,Distinct5,17
cache,"CPH Wolves",14,Property,16
mirage,Property,11,"CPH Wolves",16
mirage,Denmark,16,Romania,8
inferno,fnatic,16,G2,12
inferno,NiP,16,SK,9
mirage,TS-Netteux,16,"LDLC Blue",13
inferno,Serbia,16,Ukraine,9
cache,Kazakhstan,16,Romania,14
dust2,TSM,16,SK,4
train,EnVyUs,16,Titan,7
cobblestone,Ukraine,9,Hungary,16
inferno,E-frag.net,16,Enervate,10
cache,E-frag.net,16,Enervate,0
cobblestone,Enervate,25,E-frag.net,23
dust2,Enervate,10,E-frag.net,16
dust2,Kazakhstan,3,Portugal,16
dust2,Ukraine,15,Netherlands,15
cache,nerdRage,8,ESC,16
dust2,ESC,16,nerdRage,13
mirage,nerdRage,16,ESC,8
dust2,Portugal,16,Romania,11
inferno,ex-eLevate,16,Method,4
mirage,ex-eLevate,16,Method,13
cache,ex-eLevate,14,Method,16
train,Conquest,16,Liquid,6
inferno,CLG,16,Method,6
overpass,compLexity,16,CLG,10
cache,Enemy,14,compLexity,16
dust2,unKnights,13,melty,16
overpass,Lions,16,ESC,11
train,unKnights,16,"Asus ROG",0
dust2,France,16,Hungary,12
mirage,ESC,21,"European Misfits",19
inferno,Titan,16,FlipSid3,8
train,FlipSid3,9,Titan,16
cache,"Dead Pixels",16,melty,10
inferno,mousesports,8,fnatic,16
inferno,TSM,12,EnVyUs,16
mirage,Romania,8,Poland,16
mirage,"Asus ROG",4,"Dead Pixels",16
inferno,mousesports,5,"Natus Vincere",16
dust2,RCTIC,16,AlienTech,12
cache,AlienTech,12,RCTIC,16
train,uX,16,Caseking,7
cache,uX,16,Caseking,6
cache,G2,21,HellRaisers,17
cache,Netherlands,9,Spain,16
cobblestone,XPC,6,Phenomenon,16
mirage,Phenomenon,24,XPC,26
cache,Phenomenon,16,XPC,12
cobblestone,unKnights,12,melty,16
overpass,"Gdansk Lions",8,CSGL,16
mirage,CSGL,16,"Gdansk Lions",2
cache,SK,11,"Natus Vincere",16
overpass,TSM,16,HellRaisers,9
train,Lions,16,ESC,9
cache,Lions,16,ESC,14
inferno,Netherlands,15,Serbia,15
dust2,Denmark,16,Latvia,0
cache,PENTA,16,Planetkey,5
dust2,PENTA,13,Planetkey,16
cobblestone,Titan,8,fnatic,16
train,EnVyUs,8,NiP,16
inferno,summa.gg,7,"European Misfits",16
mirage,Serbia,8,Spain,16
cache,PiTER,7,E-frag.net,16
dust2,E-frag.net,16,PiTER,6
cache,Denmark,8,Kazakhstan,16
dust2,Kazakhstan,8,Latvia,16
overpass,compLexity,10,Liquid,16
cobblestone,Liquid,16,compLexity,2
inferno,Conquest,16,Enemy,2
cache,Enemy,14,Conquest,16
mirage,Skyfire,16,TRIDENT,14
dust2,TRIDENT,2,Skyfire,16
cache,ACE,16,Leader-1,8
overpass,compLexity,11,Mythic,16
dust2,Mythic,16,compLexity,14
train,Liquid,16,h00liGaNz,4
cache,h00liGaNz,6,Liquid,16
dust2,fish123,16,GLG,13
inferno,Serbia,7,France,16
cache,E-frag.net,16,Property,7
overpass,Property,8,E-frag.net,16
inferno,Choke,8,"United Estonia",16
inferno,Spain,5,France,16
dust2,CeX,6,Infused,16
mirage,Kazakhstan,16,Poland,10
cache,Publiclir.se,16,Phenomenon,19
cobblestone,Ukraine,10,France,16
dust2,"Vega Squadron",4,eBettle,16
mirage,"Vega Squadron",16,eBettle,9
overpass,"Vega Squadron",3,eBettle,16
train,ESC,21,summa.gg,17
mirage,summa.gg,15,ESC,21
dust2,PENTA,16,mousesports,12
mirage,mousesports,16,PENTA,8
cache,Latvia,10,Poland,16
cache,"London C",7,XPC,16
cache,Denmark,16,Portugal,3
mirage,"Gdansk Lions",4,PiTER,16
dust2,Spain,5,Hungary,16
dust2,eBettle,16,nerdRage,6
train,eBettle,16,nerdRage,13
dust2,Latvia,3,Portugal,16
dust2,E-frag.net,16,RCTIC,4
cobblestone,Lions,16,"European Misfits",14
cache,Lions,16,"European Misfits",12
inferno,Latvia,15,Romania,15
mirage,Liquid,16,Luminosity,11
cache,Luminosity,5,Liquid,16
inferno,Liquid,20,Luminosity,22
mirage,Conquest,16,CLG,14
cobblestone,CLG,13,Conquest,16
train,Conquest,13,CLG,16
overpass,CLG,14,Liquid,16
cobblestone,Liquid,16,CLG,6
dust2,Nostalgie,16,Pries,13
overpass,Pries,7,Nostalgie,16
dust2,ESC,14,eBettle,16
cobblestone,ESC,5,eBettle,16
mirage,eBettle,11,ESC,16
inferno,MIXCAT,16,Reason,3
cobblestone,Reason,16,MIXCAT,13
dust2,Reason,1,MIXCAT,16
inferno,Conquest,21,Luminosity,25
cobblestone,Luminosity,19,Conquest,22
train,Conquest,14,Luminosity,16
cache,ESC,16,Epsilon,13
mirage,Epsilon,13,ESC,16
mirage,Reason,7,dignitas,16
dust2,dignitas,16,Reason,13
dust2,Dobry&Gaming,16,MIXCAT,12
cache,Dobry&Gaming,16,MIXCAT,5
dust2,"London C",12,Dobry&Gaming,16
overpass,Dobry&Gaming,16,"London C",11
cobblestone,MIXCAT,16,SK,14
dust2,MIXCAT,16,SK,14
cobblestone,"LDLC Blue",5,Reason,16
dust2,Reason,16,"LDLC Blue",10
inferno,k1ck,18,dignitas,21
overpass,k1ck,9,dignitas,16
cache,ARMADA,3,CSGO-Saloon,16
inferno,ARMADA,14,CSGO-Saloon,16
cobblestone,CSGO-Saloon,12,ARMADA,16
cache,"Space Soldiers",13,Reason,16
cobblestone,Reason,16,"Space Soldiers",8
cache,"London C",16,x6tence,5
mirage,"London C",13,x6tence,16
dust2,x6tence,7,"London C",16
dust2,PENTA,8,"LDLC Blue",16
inferno,"LDLC Blue",16,PENTA,1
mirage,"LDLC Blue",9,PENTA,16
cobblestone,k1ck,26,"Worst Players",20
train,k1ck,16,"Worst Players",4
cache,OverGaming,8,Dobry&Gaming,16
overpass,Dobry&Gaming,16,OverGaming,3
mirage,dignitas,16,AWTR,12
overpass,dignitas,16,AWTR,8
overpass,"Night Raid",10,SK,16
inferno,"Night Raid",4,SK,16
inferno,Torpedo,12,MIXCAT,16
mirage,MIXCAT,14,Torpedo,16
cache,Torpedo,14,MIXCAT,16
mirage,faithIN,13,CSGO-Saloon,16
dust2,CSGO-Saloon,16,faithIN,10
cache,FLUGGENKK,5,ARMADA,16
inferno,ARMADA,16,FLUGGENKK,13
train,Liquid,16,3sUP,14
cache,3sUP,6,Liquid,16
cache,CLG,16,compLexity,5
cobblestone,CLG,16,compLexity,11
dust2,Coast,20,Conquest,22
cobblestone,Conquest,16,Coast,6
cache,x6tence,16,KOWABUNGA,7
cobblestone,Luminosity,16,Mythic,8
cache,Luminosity,16,Mythic,13
overpass,Mythic,16,Luminosity,8
mirage,Epsilon,7,AWTR,16
cobblestone,eaZyQuaL,3,"Space Soldiers",16
inferno,KappaKappa,13,"Night Raid",16
cache,OverGaming,16,KILLERFISH,0
dust2,"LDLC Blue",16,"Vega Squadron",4
mirage,volgare,11,MIXCAT,16
mirage,"Los Jefes",12,"Worst Players",16
mirage,Insidious,5,Skyred,16
mirage,Mythic,16,"Games Academy",5
dust2,"Games Academy",8,Mythic,16
inferno,nxl,15,TyLoo,19
mirage,Virtus.pro,16,TSM,14
cobblestone,Virtus.pro,16,TSM,7
dust2,TSM,16,Virtus.pro,3
train,Virtus.pro,16,TSM,7
overpass,TSM,16,Virtus.pro,13
cache,Insidious,16,MOTV,11
dust2,Skyred,16,Brutality,9
mirage,TyLoo,16,Penguin,1
cache,MiTH,2,nxl,16
dust2,Mythic,16,Conquest,7
mirage,Mythic,7,Conquest,16
cache,Mythic,26,Conquest,21
inferno,Mythic,16,Method,9
overpass,Method,16,Mythic,8
dust2,Mythic,16,Method,12
dust2,compLexity,16,3sUP,8
train,compLexity,16,3sUP,13
inferno,Conquest,16,"Games Academy",14
cobblestone,"Games Academy",1,Conquest,16
mirage,Liquid,16,Luminosity,7
cache,Luminosity,8,Liquid,16
cobblestone,Liquid,16,Luminosity,9
overpass,Luminosity,21,Liquid,19
dust2,E-frag.net,16,Pries,9
cache,E-frag.net,16,Pries,10
cache,fnatic,4,Virtus.pro,16
train,Virtus.pro,16,fnatic,5
cobblestone,Virtus.pro,7,fnatic,16
mirage,QeeYou,16,AbsoluteTerror,7
mirage,"Vega Squadron",16,Nostalgie,6
cache,Nostalgie,3,"Vega Squadron",16
dust2,TheMongolz,16,MVP.karnal,14
dust2,AbsoluteTerror,16,"Miraculous Hawks",1
inferno,NiP,10,TSM,16
mirage,TSM,16,NiP,8
dust2,TSM,7,NiP,16
dust2,Nostalgie,8,E-frag.net,16
mirage,Nostalgie,16,E-frag.net,4
overpass,E-frag.net,16,Nostalgie,8
inferno,m0nster,7,QeeYou,16
cache,MVP.karnal,16,"Virtual Impact",4
mirage,TheMongolz,16,DeToNator,9
inferno,fnatic,16,Titan,13
train,Titan,5,fnatic,16
inferno,EnVyUs,7,NiP,16
dust2,EnVyUs,13,NiP,16
dust2,compLexity,16,Method,11
inferno,Method,12,compLexity,16
overpass,CLG,13,Liquid,16
train,Liquid,11,CLG,16
mirage,CLG,14,Liquid,16
dust2,CLG,4,Liquid,16
cache,CLG,16,Liquid,14
cobblestone,"Natus Vincere",10,Titan,16
cobblestone,eBettle,10,SK,16
dust2,eBettle,14,SK,16
inferno,dignitas,16,PENTA,7
mirage,PENTA,7,dignitas,16
mirage,eBettle,16,ESC,9
dust2,fnatic,17,TSM,19
inferno,FlipSid3,16,PENTA,7
mirage,PENTA,10,FlipSid3,16
dust2,NiP,19,Cloud9,16
cache,E-frag.net,16,"Vega Squadron",13
dust2,E-frag.net,12,"Vega Squadron",16
mirage,E-frag.net,19,"Vega Squadron",17
cache,EnVyUs,7,Virtus.pro,16
train,SK,16,eBettle,6
overpass,SK,16,eBettle,14
mirage,SK,3,eBettle,16
overpass,"Natus Vincere",10,TSM,16
cobblestone,fnatic,16,Titan,6
mirage,NiP,7,Virtus.pro,16
cobblestone,Cloud9,12,EnVyUs,16
overpass,Enemy,8,Luminosity,16
inferno,Luminosity,12,Enemy,16
overpass,Luminosity,16,CLG,4
cobblestone,Luminosity,14,CLG,16
mirage,CLG,14,Luminosity,16
dust2,Mythic,16,3sUP,7
mirage,3sUP,22,Mythic,18
overpass,Liquid,16,Method,13
cache,Method,10,Liquid,16
inferno,SK,10,FlipSid3,16
overpass,SK,10,FlipSid3,16
mirage,KappaKappa,11,ESC,16
dust2,KILLERFISH,16,Caseking,2
cache,Caseking,7,KILLERFISH,16
mirage,Pries,8,"Vega Squadron",16
cache,Pries,6,"Vega Squadron",16
overpass,dignitas,16,HellRaisers,3
cobblestone,HellRaisers,16,dignitas,10
mirage,volgare,15,Property,19
cobblestone,Property,16,volgare,7
dust2,31337,10,ATB,16
mirage,ATB,10,31337,16
cache,31337,9,ATB,16
dust2,ESC,8,eBettle,16
mirage,eBettle,16,ESC,3
cache,PENTA,9,myKPV,16
overpass,PENTA,16,myKPV,12
overpass,Property,12,"Worst Players",16
cache,"Worst Players",10,Property,16
train,SK,16,KappaKappa,9
cobblestone,KappaKappa,12,SK,16
overpass,CLG,16,Liquid,14
cobblestone,Liquid,4,CLG,16
mirage,"Natus Vincere",11,Kinguin,16
cobblestone,CLG,16,Mortality,10
dust2,CLG,12,Mortality,16
overpass,"Natus Vincere",19,Titan,15
train,Method,11,Luminosity,16
dust2,Luminosity,16,Method,4
cache,"Los Jefes",12,nerdRage,16
mirage,"Natus Vincere",22,Virtus.pro,18
mirage,"Worst Players",14,"Los Jefes",16
inferno,AlienTech,8,Reason,16
cobblestone,Reason,16,AlienTech,14
overpass,"Gdansk Lions",16,ESC,11
mirage,"Gdansk Lions",9,ESC,16
inferno,"Gdansk Lions",16,ESC,13
train,HellRaisers,14,Dobry&Gaming,16
overpass,Dobry&Gaming,9,HellRaisers,16
mirage,Kinguin,16,Titan,5
dust2,Kinguin,11,Titan,16
train,Kinguin,16,Titan,13
mirage,nerdRage,16,"Worst Players",10
train,"Worst Players",21,nerdRage,18
dust2,nerdRage,16,"Worst Players",13
cache,Planetkey,16,uX,11
cache,"Los Jefes",21,KILLERFISH,17
cobblestone,"Natus Vincere",16,mousesports,13
overpass,E-frag.net,8,Virtus.pro,16
cache,E-frag.net,16,MiA,4
dust2,mousesports,16,CSGO-Saloon,6
dust2,FolloweSports.com,5,Conquest,16
cache,FolloweSports.com,9,Conquest,16
inferno,Virtus.pro,8,Titan,16
train,Virtus.pro,10,Titan,16
overpass,Titan,15,Virtus.pro,19
inferno,Choke,16,CeX,4
dust2,fm-eSports,10,fish123,16
overpass,eBettle,3,SK,16
cobblestone,SK,16,eBettle,10
inferno,nerdRage,16,"Los Jefes",13
cache,"Los Jefes",9,nerdRage,16
train,Enso,16,Phenomenon,19
mirage,Phenomenon,16,Enso,4
overpass,"United Estonia",10,Infused,16
inferno,"Natus Vincere",11,Kinguin,16
dust2,"Natus Vincere",4,Kinguin,16
mirage,"Natus Vincere",16,Kinguin,5
dust2,RCTIC,7,INFINITY,16
mirage,RCTIC,10,INFINITY,16
cache,CSGOCasino.net,16,GLG,3
mirage,"Vega Squadron",14,Pries,16
cache,Pries,16,"Vega Squadron",8
overpass,KILLERFISH,12,"Worst Players",16
mirage,KILLERFISH,16,"Worst Players",13
dust2,"Worst Players",16,KILLERFISH,2
cobblestone,Titan,16,mousesports,9
overpass,mousesports,3,Titan,16
dust2,CSGO-Saloon,3,Virtus.pro,16
mirage,Virtus.pro,16,CSGO-Saloon,4
dust2,"Natus Vincere",16,MiA,5
mirage,"Natus Vincere",16,MiA,9
cobblestone,CLG,16,Luminosity,1
mirage,Luminosity,16,CLG,6
overpass,CLG,16,Luminosity,6
inferno,3sUP,7,Luminosity,16
overpass,3sUP,6,Luminosity,16
train,Luminosity,10,3sUP,16
dust2,"Games Academy",3,3sUP,16
train,"Games Academy",5,3sUP,16
inferno,3sUP,14,"Games Academy",16
inferno,E-frag.net,6,Kinguin,16
dust2,E-frag.net,12,Kinguin,16
cache,CLG,16,Luminosity,6
train,Luminosity,16,CLG,1
cobblestone,CLG,16,Luminosity,3
dust2,ACE,10,"Games Academy",16
cache,ACE,13,"Games Academy",16
cobblestone,"Games Academy",7,ACE,16
dust2,Liondogs,1,"Delinquent Habits",16
cache,"Delinquent Habits",5,Liondogs,16
mirage,"Delinquent Habits",16,Liondogs,2
mirage,"CPH Wolves",16,k1ck,5
cobblestone,k1ck,22,"CPH Wolves",26
dust2,Method,7,3sUP,16
train,3sUP,16,Method,12
inferno,HD4R,14,Enso,16
dust2,HD4R,12,Enso,16
mirage,Enso,13,HD4R,16
train,HellRaisers,16,SK,3
cache,HellRaisers,16,SK,4
cobblestone,"Delinquent Habits",16,Elysium,11
dust2,Elysium,9,"Delinquent Habits",16
cache,"Space Soldiers",19,Torpedo,21
mirage,dignitas,16,MIXCAT,12
cobblestone,Nexus,14,ACE,16
cache,Nexus,16,ACE,13
overpass,ACE,16,Nexus,13
cache,Enemy,8,Method,16
inferno,Method,7,Enemy,16
dust2,Enemy,13,Method,16
overpass,PENTA,12,"CPH Wolves",16
cache,"CPH Wolves",11,PENTA,16
mirage,"CPH Wolves",21,PENTA,19
dust2,"London C",3,HellRaisers,16
overpass,"London C",4,HellRaisers,16
cache,"Space Soldiers",16,"Los Jefes",12
train,INFINITY,10,Torpedo,16
mirage,"Vatos Locos",12,Liondogs,16
inferno,"Vatos Locos",14,Liondogs,16
cobblestone,Dobry&Gaming,18,SK,21
mirage,SK,16,Dobry&Gaming,4
cobblestone,k1ck,16,Reason,13
overpass,k1ck,16,Reason,12
overpass,Wizards,3,dignitas,16
cache,MIXCAT,16,EURONICS,4
inferno,Skyred,11,QeeYou,16
cobblestone,QeeYou,16,Skyred,10
mirage,Skyred,16,TyLoo,5
inferno,Skyred,16,TyLoo,11
inferno,Torpedo,14,PENTA,16
cache,Torpedo,16,PENTA,12
cobblestone,PENTA,16,Torpedo,10
cache,"London C",16,"Space Soldiers",13
cobblestone,"Space Soldiers",16,"London C",11
dust2,"Space Soldiers",12,"London C",16
train,HellRaisers,16,Wizards,10
overpass,HellRaisers,16,Wizards,4
inferno,Wizards,16,HellRaisers,14
mirage,Dobry&Gaming,16,MIXCAT,11
dust2,Dobry&Gaming,14,MIXCAT,16
cache,Dobry&Gaming,16,MIXCAT,9
mirage,QeeYou,16,xqR,6
inferno,QeeYou,16,xqR,4
cobblestone,k1ck,16,dignitas,7
mirage,k1ck,16,dignitas,14
mirage,"Los Jefes",14,Reason,16
cobblestone,Reason,16,"Los Jefes",5
mirage,INFINITY,9,SK,16
overpass,SK,16,INFINITY,2
dust2,"CPH Wolves",16,EURONICS,3
cache,"CPH Wolves",16,EURONICS,12
dust2,Skyred,16,nxl,8
mirage,nxl,16,Skyred,12
cobblestone,nxl,12,Skyred,16
cache,MVP.karnal,12,TyLoo,16
mirage,MVP.karnal,9,TyLoo,16
dust2,TyLoo,10,MVP.karnal,16
cobblestone,m0nster,12,xqR,16
cache,m0nster,11,xqR,16
cobblestone,iSg.vA,13,QeeYou,16
cache,QeeYou,16,iSg.vA,5
train,"Games Academy",8,CLG,16
dust2,CLG,16,"Games Academy",6
cobblestone,3sUP,13,Luminosity,16
cache,Luminosity,16,3sUP,11
dust2,"Vox Eminor",5,TRIDENT,16
cache,"Vox Eminor",3,TRIDENT,16
cobblestone,"Vox Eminor",16,TRIDENT,11
dust2,ACE,11,3sUP,16
cobblestone,3sUP,19,ACE,15
cache,Nexus,8,Luminosity,16
overpass,Luminosity,16,Nexus,5
train,SYF,5,Skyfire,16
cobblestone,Skyfire,14,SYF,16
mirage,Method,3,"Games Academy",16
cache,"Games Academy",16,Method,7
mirage,Enemy,3,CLG,16
cache,CLG,16,Enemy,1
dust2,"Games Academy",16,Levitate,4
mirage,"Games Academy",10,Luminosity,16
inferno,Levitate,16,"EZ on The Soul",5
cache,OverGaming,6,"London C",16
mirage,Fredde,10,k1ck,16
cache,"Los Jefes",16,dope,9
dust2,Luminosity,16,"EZ on The Soul",1
cobblestone,Levitate,4,"Games Academy",16
dust2,MIXCAT,16,roflhehe,4
cache,Epsilon,13,EURONICS,16
inferno,melty,9,Wizards,16
cache,Torpedo,16,Fraternitas,14
inferno,INFINITY,16,gBots,14
overpass,Nexus,16,WinOut.net,3
cache,Nexus,8,Method,16
dust2,WinOut.net,16,"Reap What You Sow",10
inferno,fnatic,16,TSM,9
mirage,TSM,13,fnatic,16
train,TSM,16,fnatic,6
dust2,TSM,10,fnatic,16
cobblestone,fnatic,16,TSM,12
inferno,WinOut.net,13,Nexus,16
cache,Method,16,"Reap What You Sow",11
cache,iSg.vA,16,1hp,6
mirage,Bovines,11,nxl,16
inferno,xqR,16,b2W,2
mirage,Phenomenon,16,dope,3
cache,dope,3,Phenomenon,16
overpass,CORE,2,TyLoo,16
cache,Swarm,9,Enemy,16
dust2,Enemy,7,3sUP,16
cobblestone,Swarm,16,"CLG Red",13
dust2,"CLG Red",9,3sUP,16
inferno,Enemy,16,Swarm,5
mirage,ACE,16,Excellence,2
overpass,Excellence,16,BitterSweetGG,2
dust2,CLG,16,ACE,6
cobblestone,ACE,16,Excellence,3
mirage,CLG,16,BitterSweetGG,2
dust2,Denmark,10,Finland,16
cobblestone,dope,12,PiTER,16
mirage,PiTER,16,dope,7
mirage,TSM,21,Kinguin,18
dust2,Kinguin,15,TSM,21
train,TSM,7,Kinguin,16
mirage,Sweden,13,Finland,16
cobblestone,"EZ on The Soul",16,"Anxiety Pack",9
inferno,"Anxiety Pack",20,"EZ on The Soul",22
inferno,Kinguin,16,"Natus Vincere",11
cache,Finland,16,Norway,12
dust2,"Reap What You Sow",16,"EZ on The Soul",6
cache,"EZ on The Soul",7,"Reap What You Sow",16
mirage,Phenomenon,16,"Epiphany Bolt",8
cache,Phenomenon,16,"Epiphany Bolt",8
train,mousesports,7,Kinguin,16
mirage,"Reap What You Sow",16,"Anxiety Pack",2
cache,"Reap What You Sow",16,"Anxiety Pack",6
cache,JAYOB,16,TRS,10
mirage,TRS,5,JAYOB,16
dust2,Titan,14,mousesports,16
dust2,"Natus Vincere",19,HellRaisers,21
overpass,"Natus Vincere",8,HellRaisers,16
inferno,nerdRage,16,"Space Soldiers",7
overpass,"Space Soldiers",8,nerdRage,16
dust2,nerdRage,17,"Space Soldiers",19
dust2,TSM,16,"Natus Vincere",10
train,Kinguin,16,FlipSid3,5
mirage,FlipSid3,8,Kinguin,16
cache,Kinguin,19,FlipSid3,21
mirage,"Epiphany Bolt",9,PiTER,16
cache,PiTER,16,"Epiphany Bolt",10
mirage,"Space Soldiers",16,Aposis,6
mirage,dignitas,13,Kinguin,16
dust2,Titan,16,INFINITY,8
train,INFINITY,4,Titan,16
cache,Dobry&Gaming,16,"VERY T0X1C",5
mirage,Dobry&Gaming,16,"VERY T0X1C",9
overpass,TSM,16,mousesports,7
cache,Aposis,12,nerdRage,16
mirage,nerdRage,16,Aposis,6
cobblestone,Phenomenon,16,dope,11
mirage,dope,13,Phenomenon,16
overpass,dignitas,6,"Natus Vincere",16
dust2,Indonesia,13,Vietnam,16
mirage,Indonesia,11,Vietnam,16
inferno,Luminosity,16,FolloweSports.com,6
cache,FolloweSports.com,11,Luminosity,16
cache,Enemy,16,compLexity,13
dust2,compLexity,16,Enemy,10
mirage,"Space Soldiers",16,"Playing Ducks",4
cobblestone,Aftermatch,14,Reason,16
cobblestone,Titan,16,dignitas,6
train,dignitas,15,Titan,19
cache,"Epiphany Bolt",16,dope,3
mirage,dope,16,"Epiphany Bolt",14
cobblestone,dope,9,"Epiphany Bolt",16
inferno,Aposis,16,"Playing Ducks",8
mirage,"Playing Ducks",12,Aposis,16
inferno,Caseking,17,PENTA,19
cache,Caseking,16,PENTA,11
cache,Kinguin,16,E-frag.net,8
mirage,Kinguin,16,E-frag.net,2
train,Kinguin,13,E-frag.net,16
train,Virtus.pro,20,EnVyUs,22
inferno,Virtus.pro,10,EnVyUs,16
mirage,Distinct5,10,eBettle,16
overpass,Distinct5,9,eBettle,16
mirage,ESC,17,"Epiphany Bolt",19
train,dignitas,16,Property,3
overpass,dignitas,8,Property,16
mirage,"Playing Ducks",11,KILLERFISH,16
dust2,KILLERFISH,16,"Playing Ducks",10
cobblestone,HellRaisers,16,SK,2
train,HellRaisers,16,SK,14
inferno,SK,16,HellRaisers,11
dust2,fnatic,16,mousesports,9
train,mousesports,16,fnatic,9
cache,fnatic,16,mousesports,3
mirage,"Space Soldiers",9,nerdRage,16
inferno,"Space Soldiers",14,nerdRage,16
mirage,Phenomenon,9,PiTER,16
dust2,Phenomenon,9,PiTER,16
overpass,TSM,16,"Natus Vincere",11
dust2,TSM,16,"Natus Vincere",9
inferno,Indonesia,12,China,16
cache,China,16,Indonesia,4
cache,Kyrgyzstan,0,Vietnam,16
inferno,Vietnam,16,Kyrgyzstan,5
mirage,Liquid,16,Conquest,9
cache,Liquid,13,Conquest,16
mirage,CLG,16,Coast,10
cache,CLG,14,Coast,16
cache,Dobry&Gaming,9,nerdRage,16
mirage,Dobry&Gaming,16,nerdRage,2
mirage,SK,7,Property,16
train,SK,11,Property,16
cobblestone,AlienTech,16,"Epiphany Bolt",14
mirage,ESC,16,Team8,7
cache,Epsilon,24,Dobry&Gaming,26
train,Phenomenon,16,hard'N'play,4
cache,Phenomenon,16,hard'N'play,2
mirage,E-frag.net,16,PiTER,6
overpass,E-frag.net,16,PiTER,6
dust2,Kinguin,16,"Vega Squadron",9
cache,Kinguin,16,"Vega Squadron",7
cache,uX,16,myKPV,11
mirage,uX,5,myKPV,16
cache,INFINITY,12,Property,16
cobblestone,Property,16,INFINITY,8
cache,Team8,14,AlienTech,16
mirage,"Epiphany Bolt",16,ESC,6
train,Dobry&Gaming,13,nerdRage,16
mirage,Dobry&Gaming,16,nerdRage,14
cache,nerdRage,16,Dobry&Gaming,11
cobblestone,SK,16,AlienTech,2
overpass,AlienTech,5,SK,16
dust2,Reason,4,HellRaisers,16
cobblestone,HellRaisers,16,Reason,14
overpass,HellRaisers,4,Reason,16
inferno,Epsilon,16,ESC,5
dust2,eBettle,16,Kinguin,6
train,Kinguin,16,eBettle,7
cobblestone,Pries,19,dope,17
dust2,Pries,16,dope,6
overpass,mousesports,16,dignitas,8
dust2,dignitas,7,mousesports,16
train,mousesports,10,dignitas,16
mirage,dignitas,11,mousesports,16
mirage,CLG,16,Conquest,13
dust2,Belarus,19,Ireland,17
mirage,Ireland,0,Belarus,16
cache,Macedonia,14,Romania,16
mirage,Romania,16,Macedonia,4
overpass,Philippines,16,Nepal,4
mirage,Indonesia,16,Philippines,2
dust2,Nepal,4,Indonesia,16
cache,CLG,9,compLexity,16
dust2,compLexity,7,CLG,16
mirage,3sUP,10,Luminosity,16
cobblestone,Luminosity,16,3sUP,8
inferno,GLG,19,CeX,21
cache,"United Estonia",16,fm-eSports,8
mirage,Enso,12,"Vega Squadron",16
dust2,Enso,9,"Vega Squadron",16
dust2,Titan,16,HellRaisers,14
overpass,Titan,16,HellRaisers,12
cache,INFINITY,16,Aftermatch,10
cobblestone,3v,5,Reason,16
overpass,SK,16,volgare,6
mirage,volgare,10,SK,16
cobblestone,dignitas,5,fnatic,16
cache,fnatic,16,dignitas,8
overpass,fish123,11,Infused,16
mirage,Epsilon,7,Dobry&Gaming,16
cache,Dobry&Gaming,16,Epsilon,4
inferno,3v,10,INFINITY,16
inferno,Reason,11,Aftermatch,16
overpass,Choke,13,CSGOCasino.net,16
overpass,Titan,17,mousesports,21
train,mousesports,7,Titan,16
cobblestone,Titan,9,mousesports,16
overpass,Reason,14,Property,16
inferno,Property,12,Reason,16
cache,ESC,8,nerdRage,16
mirage,ESC,13,nerdRage,16
inferno,nerdRage,18,ESC,21
dust2,"Epiphany Bolt",16,Pries,5
mirage,"Epiphany Bolt",16,Pries,13
cobblestone,Croatia,2,Ukraine,16
inferno,Ukraine,16,Croatia,5
mirage,Germany,16,Lithuania,14
dust2,Lithuania,3,Germany,16
cache,Palestine,4,Kyrgyzstan,16
dust2,India,16,Palestine,8
mirage,India,2,Kyrgyzstan,16
inferno,Coast,16,Enemy,13
overpass,Enemy,12,Coast,16
cache,"Vega Squadron",16,KappaKappa,7
cobblestone,"GREAT ONE-LINERS",14,PiTER,16
cache,"Los Jefes",14,KappaKappa,16
overpass,Choke,11,EZskins.com,16
inferno,EZskins.com,16,Choke,8
cache,AliGon,16,PiTER,21
cobblestone,dignitas,16,Titan,12
mirage,Titan,16,dignitas,8
train,dignitas,16,Titan,9
mirage,"Vega Squadron",16,Dobry&Gaming,6
cobblestone,"GREAT ONE-LINERS",16,GameplayDNA,3
dust2,Fraternitas,12,E-frag.net,16
mirage,Fraternitas,9,E-frag.net,16
cache,Fraternitas,16,E-frag.net,9
overpass,dignitas,16,"CPH Wolves",7
mirage,"CPH Wolves",15,dignitas,19
dust2,HellRaisers,8,E-frag.net,16
overpass,E-frag.net,16,HellRaisers,13
overpass,mousesports,9,fnatic,16
cache,fnatic,13,mousesports,16
train,mousesports,5,fnatic,16
cache,Slovenia,8,Norway,16
inferno,Norway,16,Slovenia,3
cache,Infused,14,Choke,16
dust2,Infused,16,Choke,9
overpass,Infused,19,Choke,21
dust2,Spain,16,Italy,3
train,Spain,13,Italy,16
inferno,Italy,13,Spain,16
mirage,Singapore,16,Japan,12
inferno,Vietnam,16,Singapore,1
mirage,"South Korea",6,Japan,16
cache,ACG,6,HD4R,16
mirage,ACG,14,HD4R,16
inferno,Aftermatch,6,AlienTech,16
dust2,Reason,16,"Space Soldiers",6
dust2,myKPV,12,Aftermatch,16
mirage,"Space Soldiers",16,SK,5
mirage,HD4R,7,Pries,16
cache,Pries,16,HD4R,8
dust2,Aspen,8,Reason,16
cobblestone,AlienTech,16,OMNIPOTENCE,5
mirage,E-frag.net,16,"Playing Ducks",3
inferno,E-frag.net,16,"Playing Ducks",4
dust2,KIYF,4,"Playing Ducks",16
mirage,"Playing Ducks",19,KIYF,17
overpass,Virtus.pro,16,"Natus Vincere",11
train,"Natus Vincere",24,Virtus.pro,26
inferno,Virtus.pro,16,"Natus Vincere",6
mirage,Iceland,16,"Czech Republic",13
dust2,"Czech Republic",12,Iceland,16
inferno,Iceland,1,"Czech Republic",16
mirage,Turkey,16,Georgia,10
dust2,Georgia,16,Turkey,11
cache,Georgia,10,Turkey,16
mirage,Singapore,15,"South Korea",15
mirage,dope,19,ACG,17
cache,dope,12,ACG,16
dust2,dope,16,ACG,14
mirage,"South Korea",7,Vietnam,16
cache,Vietnam,16,Japan,12
cache,Swarm,16,"Astral Authority",6
cobblestone,"Astral Authority",8,Swarm,16
dust2,Swarm,10,"Astral Authority",16
mirage,Sweden,11,Denmark,16
mirage,Denmark,20,Finland,20
train,hard'N'play,8,Enso,16
overpass,Enso,16,hard'N'play,6
inferno,Norway,12,Finland,16
mirage,Virtus.pro,16,TSM,12
cache,TSM,12,Virtus.pro,16
overpass,Virtus.pro,6,TSM,16
train,TSM,14,Virtus.pro,16
inferno,Virtus.pro,13,TSM,16
mirage,"United Kingdom",16,Moldova,4
dust2,Moldova,10,"United Kingdom",16
cobblestone,Hungary,16,Estonia,11
mirage,Estonia,3,Hungary,16
cache,Hungary,8,Estonia,16
mirage,China,16,Thailand,9
cache,"Sri Lanka",7,Thailand,16
dust2,"Sri Lanka",4,Malaysia,16
cobblestone,Conquest,16,CLG,14
mirage,Method,16,Mythic,13
cache,Mythic,14,Method,16
dust2,"Space Soldiers",10,Reason,16
inferno,"Space Soldiers",16,Reason,11
cobblestone,Reason,16,"Space Soldiers",8
mirage,"CPH Wolves",16,INFINITY,7
cache,INFINITY,16,"CPH Wolves",19
overpass,SK,16,Kinguin,14
train,Kinguin,9,SK,16
overpass,KILLERFISH,19,Reason,22
overpass,TSM,12,"Natus Vincere",16
dust2,"Natus Vincere",16,TSM,4
mirage,TSM,16,"Natus Vincere",12
inferno,Property,9,HellRaisers,16
cobblestone,HellRaisers,16,Property,9
inferno,E-frag.net,16,nerdRage,10
overpass,E-frag.net,16,nerdRage,8
dust2,KILLERFISH,14,"Space Soldiers",16
cache,KILLERFISH,16,"Space Soldiers",11
mirage,"Space Soldiers",16,KILLERFISH,5
cobblestone,dignitas,14,Dobry&Gaming,16
overpass,Dobry&Gaming,19,dignitas,17
train,dignitas,16,Dobry&Gaming,14
train,Kinguin,8,Virtus.pro,16
cache,Virtus.pro,16,Kinguin,10
mirage,Portugal,16,Switzerland,3
dust2,Switzerland,8,Portugal,16
cache,Bulgaria,8,Latvia,16
inferno,Latvia,19,Bulgaria,17
mirage,Thailand,16,Malaysia,12
dust2,China,16,Malaysia,14
cache,China,16,"Sri Lanka",1
mirage,Mortality,12,3sUP,16
dust2,Mortality,20,3sUP,22
overpass,CLG,16,Liquid,14
dust2,CLG,16,Liquid,6
train,Liquid,16,CLG,14
cache,Enemy,9,Method,16
dust2,Method,16,Enemy,7
cobblestone,Reason,16,XPC,8
cache,Dobry&Gaming,19,Property,22
mirage,Property,10,Dobry&Gaming,16
train,dignitas,16,FlipSid3,11
mirage,FlipSid3,8,dignitas,16
overpass,Virtus.pro,6,"Natus Vincere",16
inferno,Virtus.pro,13,"Natus Vincere",16
train,"Natus Vincere",13,Virtus.pro,16
cache,myKPV,7,mousesports,16
dust2,mousesports,31,myKPV,27
cache,"Vega Squadron",16,Phenomenon,7
mirage,"Vega Squadron",16,Phenomenon,9
overpass,Property,9,dignitas,16
mirage,dignitas,19,Property,17
dust2,Reason,5,KILLERFISH,16
mirage,KILLERFISH,11,Reason,16
overpass,KILLERFISH,16,Reason,5
cache,KILLERFISH,16,Planetkey,6
dust2,KILLERFISH,11,Planetkey,16
train,Property,16,E-frag.net,14
cache,Property,14,E-frag.net,16
inferno,FlipSid3,16,dignitas,6
mirage,dignitas,16,FlipSid3,5
mirage,XPC,12,"Space Soldiers",16
cobblestone,"Space Soldiers",16,XPC,2
inferno,"Space Soldiers",8,XPC,16
dust2,Dobry&Gaming,9,mousesports,16
train,mousesports,16,Dobry&Gaming,11
dust2,Kinguin,12,TSM,16
train,TSM,16,Kinguin,5
inferno,FlipSid3,19,Property,16
mirage,FlipSid3,16,Property,14
cache,Conquest,16,3sUP,11
mirage,3sUP,16,Conquest,10
cache,mouseSpaz,22,WOOSAH,20
cobblestone,mouseSpaz,8,WOOSAH,16
inferno,WOOSAH,13,mouseSpaz,16
overpass,mouseSpaz,16,WOOSAH,13
mirage,WOOSAH,16,mouseSpaz,12
cache,fish123,16,CeX,11
mirage,Kinguin,6,FlipSid3,16
train,FlipSid3,16,Kinguin,14
inferno,volgare,14,Reason,16
cobblestone,Reason,19,volgare,17
cache,TSK,7,nerdRage,16
mirage,TSK,16,nerdRage,4
inferno,Choke,16,fm-eSports,12
inferno,Caseking,14,"Playing Ducks",16
dust2,"Playing Ducks",9,Caseking,16
dust2,uX,2,PENTA,16
mirage,PENTA,19,uX,17
cache,Infused,16,GLG,1
inferno,HellRaisers,16,INFINITY,5
dust2,INFINITY,13,HellRaisers,16
inferno,FlipSid3,16,E-frag.net,7
cobblestone,E-frag.net,16,FlipSid3,13
dust2,CSGOCasino.net,16,"United Estonia",2
mirage,TSK,16,myKPV,14
dust2,nerdRage,16,TSK,4
cache,nerdRage,16,TSK,6
mirage,"Worst Players",16,eBettle,6
overpass,eBettle,16,"Worst Players",11
overpass,FlipSid3,12,"Worst Players",16
train,FlipSid3,16,"Worst Players",13
cache,compLexity,13,Liquid,16
dust2,Liquid,16,compLexity,2
cache,Mythic,16,Mortality,7
dust2,Mythic,14,Mortality,16
inferno,myKPV,16,"Games4u fe",5
dust2,Reason,13,"Worst Players",16
cache,"Worst Players",16,Reason,7
mirage,myKPV,14,TSK,16
cache,myKPV,9,TSK,16
mirage,"Games4u fe",8,nerdRage,16
dust2,"Games4u fe",6,nerdRage,16
inferno,LunatiK,16,FolloweSports.com,2
cache,FolloweSports.com,16,LunatiK,10
cobblestone,EnVyUs,7,fnatic,16
dust2,fnatic,19,EnVyUs,15
cobblestone,fnatic,16,Virtus.pro,7
inferno,Virtus.pro,14,fnatic,16
mirage,fnatic,6,Virtus.pro,16
inferno,TSM,9,EnVyUs,16
dust2,EnVyUs,8,TSM,16
cache,TSM,12,EnVyUs,16
mirage,Luminosity,14,fnatic,16
train,fnatic,16,Luminosity,5
inferno,Virtus.pro,16,NiP,5
train,NiP,14,Virtus.pro,16
overpass,Kinguin,8,TSM,16
dust2,TSM,16,Kinguin,6
mirage,EnVyUs,16,"Natus Vincere",10
inferno,"Natus Vincere",13,EnVyUs,16
cobblestone,Luminosity,22,FlipSid3,18
inferno,Sweden,16,Denmark,12
cobblestone,mousesports,14,FlipSid3,16
mirage,Norway,8,Denmark,16
inferno,NiP,16,Renegades,5
mirage,Finland,14,Denmark,16
mirage,Renegades,16,Titan,9
cobblestone,"Natus Vincere",16,CLG,14
mirage,CLG,16,eBettle,14
dust2,Kinguin,16,Cloud9,13
dust2,Immunity,13,Kinguin,16
overpass,Method,10,Liquid,16
cache,Liquid,22,Method,19
inferno,LunatiK,16,Mythic,9
cache,Mythic,16,LunatiK,13
inferno,PENTA,8,E-frag.net,16
dust2,E-frag.net,12,PENTA,16
inferno,fnatic,16,"Natus Vincere",2
dust2,OverGaming,6,Reason,16
inferno,Reason,16,OverGaming,13
cobblestone,Virtus.pro,16,Cloud9,8
cobblestone,OverGaming,19,ESC,16
mirage,E-frag.net,14,dignitas,16
cache,dignitas,16,E-frag.net,13
overpass,"Natus Vincere",19,Titan,17
overpass,mousesports,10,Cloud9,16
mirage,fnatic,16,eBettle,2
cobblestone,Virtus.pro,16,Immunity,8
cobblestone,EnVyUs,19,Luminosity,16
mirage,Reason,19,OverGaming,17
overpass,Reason,16,OverGaming,6
inferno,INFINITY,11,dignitas,16
mirage,dignitas,16,INFINITY,0
cache,NiP,3,TSM,16
train,TSM,16,Renegades,11
overpass,Luminosity,16,Kinguin,6
dust2,NiP,16,CLG,13
inferno,EnVyUs,16,FlipSid3,3
cache,3sUP,16,"Maximum Effort",11
dust2,"Maximum Effort",10,3sUP,16
cobblestone,Teamless.gg,16,ESC,19
inferno,Property,10,PENTA,16
cache,PENTA,14,Property,16
inferno,OverGaming,16,Teamless.gg,12
cache,Teamless.gg,5,OverGaming,16
overpass,"CPH Wolves",16,E-frag.net,8
inferno,E-frag.net,16,"CPH Wolves",5
mirage,E-frag.net,16,"CPH Wolves",4
dust2,E-frag.net,5,"CPH Wolves",16
cache,"CPH Wolves",16,E-frag.net,13
inferno,dignitas,16,Phenomenon,5
cache,Phenomenon,13,dignitas,16
mirage,dignitas,16,Phenomenon,9
cache,volgare,9,Dobry&Gaming,16
mirage,volgare,14,Dobry&Gaming,16
inferno,Reason,16,ESC,8
mirage,ESC,16,Reason,9
dust2,ESC,2,Reason,16
cache,"Maximum Effort",16,SKDC,10
dust2,SKDC,9,"Maximum Effort",16
cache,Liquid,16,Enemy,8
dust2,Enemy,9,Liquid,16
inferno,Enemy,16,3sUP,10
dust2,Enemy,14,3sUP,16
overpass,Torpedo,15,k1ck,21
mirage,k1ck,16,Torpedo,4
cache,INFINITY,4,Dobry&Gaming,16
mirage,Dobry&Gaming,9,INFINITY,16
cobblestone,Dobry&Gaming,13,Phenomenon,16
dust2,Phenomenon,16,Dobry&Gaming,13
mirage,Phenomenon,8,Dobry&Gaming,16
mirage,k1ck,16,"Games4u fe",4
cache,Reason,10,Dobry&Gaming,16
overpass,PENTA,14,SK,16
dust2,PENTA,16,SK,13
train,PENTA,3,SK,16
inferno,PENTA,13,SK,16
inferno,k1ck,16,GamePub,3
dust2,"London C",6,Phenomenon,16
inferno,Conquest,19,Mortality,16
cache,Mortality,26,Conquest,28
cobblestone,Adaptation,13,Swarm,16
dust2,Adaptation,11,Swarm,16
mirage,Adaptation,16,Swarm,4
overpass,Liquid,16,Enemy,2
cache,Enemy,8,Liquid,16
dust2,CSGOCasino.net,16,fish123,7
cache,"Games4u fe",6,Torpedo,16
mirage,"Games4u fe",5,Torpedo,16
overpass,Choke,16,Infused,8
mirage,"Playing Ducks",14,k1ck,16
inferno,"Playing Ducks",17,k1ck,19
dust2,E-frag.net,16,KILLERFISH,11
cache,E-frag.net,16,KILLERFISH,14
overpass,"LDLC White",13,"CPH Wolves",16
inferno,"CPH Wolves",16,"LDLC White",12
cache,fm-eSports,16,GLG,2
mirage,Torpedo,16,k1ck,11
cobblestone,Torpedo,7,k1ck,16
cache,k1ck,5,Torpedo,16
mirage,dignitas,16,OverGaming,12
cache,OverGaming,4,dignitas,16
cache,"United Estonia",16,CeX,12
dust2,E-frag.net,16,uX,4
cache,uX,10,E-frag.net,16
cache,Publiclir.se,13,OverGaming,16
cobblestone,SK,16,Phenomenon,9
mirage,Phenomenon,7,SK,16
cache,SK,14,Phenomenon,16
mirage,dignitas,16,Aposis,5
cache,Aftermatch,14,PENTA,16
inferno,Aftermatch,11,PENTA,16
dust2,"Games4u fe",16,GamePub,14
mirage,"Games4u fe",16,GamePub,7
cache,"Games4u fe",9,GamePub,16
cache,3sUP,4,LunatiK,16
overpass,LunatiK,16,3sUP,5
inferno,"Maximum Effort",10,Conquest,16
cache,Conquest,11,"Maximum Effort",16
mirage,Aperture,16,Veneration,2
inferno,Aperture,16,Veneration,6
overpass,dignitas,16,E-frag.net,10
inferno,E-frag.net,12,dignitas,16
dust2,"Games4u fe",22,"Acer fe",20
inferno,"Games4u fe",13,"Acer fe",16
cache,"Games4u fe",16,"Acer fe",3
cache,"LGB fe",13,"Acer fe",16
dust2,"Acer fe",12,"LGB fe",16
inferno,"Acer fe",22,"LGB fe",18
inferno,"CM Storm",17,"LGB fe",19
mirage,"CM Storm",16,"LGB fe",10
cobblestone,"CM Storm",9,"LGB fe",16
mirage,Sweden,16,Norway,8
inferno,Sweden,16,Denmark,7
cache,Sweden,16,Finland,8
mirage,volgare,8,E-frag.net,16
cache,E-frag.net,16,volgare,10
cobblestone,Dobry&Gaming,6,dignitas,16
overpass,dignitas,16,Dobry&Gaming,10
mirage,Dobry&Gaming,16,dignitas,5
cache,dignitas,10,Dobry&Gaming,16
dust2,Dobry&Gaming,10,dignitas,16
dust2,Ireland,16,Greece,14
cobblestone,Greece,5,Ireland,16
cobblestone,"South Africa",6,Libya,16
dust2,"South Africa",1,Algeria,16
dust2,Morocco,16,"South Africa",2
inferno,Liquid,19,"Tempo Storm",16
dust2,"Tempo Storm",2,Liquid,16
mirage,Nexus,11,Swarm,16
cobblestone,Nexus,10,Swarm,16
dust2,Kinguin,16,"Space Soldiers",6
train,Kinguin,16,"Space Soldiers",5
cobblestone,E-frag.net,16,FlipSid3,9
cache,FlipSid3,8,E-frag.net,16
inferno,dignitas,16,volgare,3
mirage,dignitas,16,volgare,6
